university,official_domain,page_title,department_url,department_or_school,faculty_page_signal,search_query,source
Seoul National University,snu.ac.kr,서울대학교 약학대학: home,https://snupharm.snu.ac.kr/,서울대학교 약학대학: home,yes,"""Seoul National University"" (의과대학 OR 의학과 OR 약학대학 OR 약학과) 교수진",serpapi_google
Seoul National University,snu.ac.kr,서울대학교 의과대학,https://medicine.snu.ac.kr/,서울대학교 의과대학,yes,"""Seoul National University"" (의과대학 OR 의학과 OR 약학대학 OR 약학과) 교수진",serpapi_google
Seoul National University,snu.ac.kr,교수진 - 서울대학교 약학대학,https://snupharm.snu.ac.kr/%EA%B5%90%EC%88%98%EC%A7%84/,교수진 - 서울대학교 약학대학,yes,"""Seoul National University"" (의과대학 OR 의학과 OR 약학대학 OR 약학과) 교수진",serpapi_google
Seoul National University,snu.ac.kr,연구성과 - 서울대학교 약학대학,https://snupharm.snu.ac.kr/%EC%97%B0%EA%B5%AC%EC%84%B1%EA%B3%BC/,연구성과 - 서울대학교 약학대학,yes,"""Seoul National University"" (의과대학 OR 의학과 OR 약학대학 OR 약학과) 교수진",serpapi_google
Seoul National University,snu.ac.kr,약대뉴스 Archives - 서울대학교 약학대학,https://snupharm.snu.ac.kr/13297/,약대뉴스 Archives - 서울대학교 약학대학,yes,"""Seoul National University"" (의과대학 OR 의학과 OR 약학대학 OR 약학과) 교수진",serpapi_google
Seoul National University,snu.ac.kr,약학과 - 서울대학교 약학대학,https://snupharm.snu.ac.kr/%EC%95%BD%ED%95%99%EA%B3%BC/,약학과 - 서울대학교 약학대학,yes,"""Seoul National University"" (의과대학 OR 의학과 OR 약학대학 OR 약학과) 교수진",serpapi_google
Seoul National University,snu.ac.kr,교수소개 - 교수/연구 - 서울대학교 대학원 의과학과,http://biomed.snu.ac.kr/research-faculty/faculty,교수소개 - 교수/연구 - 서울대학교 대학원 의과학과,yes,"""Seoul National University"" (의과대학 OR 의학과 OR 약학대학 OR 약학과) 교수진",serpapi_google
Seoul National University,snu.ac.kr,교수소개 | 가톨릭대학교 의과대학,http://medicine.catholic.ac.kr/medicine/class/Lifescience2.do,교수소개 | 가톨릭대학교 의과대학,yes,"""Seoul National University"" (의과대학 OR 의학과 OR 약학대학 OR 약학과) 교수진",serpapi_google
Seoul National University,snu.ac.kr,What is Bioengineering? – UC Berkeley Department of ...,https://bioeng.berkeley.edu/about-us/what-is-bioengineering,What is Bioengineering? – UC Berkeley Department of ...,unknown,"""Seoul National University"" (medicine OR pharmacy OR bioscience OR bioengineering) faculty",serpapi_google
Yonsei University,yun.ac.kr,교수진 게시판목록 - 연세대학교 약학대학,https://pharmacy.yonsei.ac.kr/pharmacy/intro/professor1.do,교수진 게시판목록 - 연세대학교 약학대학,yes,"""Yonsei University"" (의과대학 OR 의학과 OR 약학대학 OR 약학과) 교수진",serpapi_google
Yonsei University,yun.ac.kr,교수 | 연세대학교 의과대학 융합의학과,http://mra.yonsei.ac.kr/professor/page1.php,교수 | 연세대학교 의과대학 융합의학과,yes,"""Yonsei University"" (의과대학 OR 의학과 OR 약학대학 OR 약학과) 교수진",serpapi_google
Yonsei University,yun.ac.kr,의과대학 - Yonsei University,https://medicine.yonsei.ac.kr/,의과대학 - Yonsei University,yes,"""Yonsei University"" (의과대학 OR 의학과 OR 약학대학 OR 약학과) 교수진",serpapi_google
Yonsei University,yun.ac.kr,연세대학교 약학대학 - Yonsei University,https://pharmacy.yonsei.ac.kr/,연세대학교 약학대학 - Yonsei University,yes,"""Yonsei University"" (의과대학 OR 의학과 OR 약학대학 OR 약학과) 교수진",serpapi_google
Yonsei University,yun.ac.kr,제약의료·규제과학 - 연세대학교 의과대학,https://medicine.yonsei.ac.kr/medicine/education/cooperation/pharm.do,제약의료·규제과학 - 연세대학교 의과대학,yes,"""Yonsei University"" (의과대학 OR 의학과 OR 약학대학 OR 약학과) 교수진",serpapi_google
Yonsei University,yun.ac.kr,교수소개 - 연세대학교 융합보건의료대학원,https://gsths.yonsei.ac.kr/organization/professor.php,교수소개 - 연세대학교 융합보건의료대학원,yes,"""Yonsei University"" (의과대학 OR 의학과 OR 약학대학 OR 약학과) 교수진",serpapi_google
Yonsei University,yun.ac.kr,연구실소개 게시판목록 - 연세대학교 약학대학,https://pharmacy.yonsei.ac.kr/pharmacy/graduateschool/Lab.do,연구실소개 게시판목록 - 연세대학교 약학대학,yes,"""Yonsei University"" (의과대학 OR 의학과 OR 약학대학 OR 약학과) 교수진",serpapi_google
Yonsei University,yun.ac.kr,교수소개 - 연세대학교 의과대학,https://medicine.yonsei.ac.kr/medicine/about/professor/basic.do,교수소개 - 연세대학교 의과대학,yes,"""Yonsei University"" (의과대학 OR 의학과 OR 약학대학 OR 약학과) 교수진",serpapi_google
Yonsei University,yun.ac.kr,Yonsei University College of Medicine,https://medicine.yonsei.ac.kr/medicine-en/index.do,Yonsei University College of Medicine,unknown,"""Yonsei University"" (medicine OR pharmacy OR bioscience OR bioengineering) faculty",serpapi_google
Yonsei University,yun.ac.kr,연세대학교 교원정보 | Yonsei Faculty Information,https://pharmacy.yonsei.ac.kr/faculty/name_search.do?mode=view&userId=RKoRgt%2FCGYrT8rj0V37skw%3D%3D&sosokcd=,연세대학교 교원정보 | Yonsei Faculty Information,yes,"""Yonsei University"" (medicine OR pharmacy OR bioscience OR bioengineering) faculty",serpapi_google
Yonsei University,yun.ac.kr,연세대학교 교원정보 | Yonsei Faculty Information,https://pharmacy.yonsei.ac.kr/faculty/name_search.do?mode=view&userId=1m2KAv4r6SAEW2Py%2FwSr9A%3D%3D&sosokcd=,연세대학교 교원정보 | Yonsei Faculty Information,yes,"""Yonsei University"" (medicine OR pharmacy OR bioscience OR bioengineering) faculty",serpapi_google
Yonsei University,yun.ac.kr,"Department of Pharmacy, College of Pharmacy - 연세소식",https://news.yonsei.ac.kr/en/academia/detail?bbSeq=35142&bbCategory=sl,"Department of Pharmacy, College of Pharmacy - 연세소식",unknown,"""Yonsei University"" (medicine OR pharmacy OR bioscience OR bioengineering) faculty",serpapi_google
Korea University,korea.ac.kr,고려대학교 세종캠퍼스 약학대학 약학과,https://pharm.korea.ac.kr/,고려대학교 세종캠퍼스 약학대학 약학과,yes,"""Korea University"" (의과대학 OR 의학과 OR 약학대학 OR 약학과) 교수진",serpapi_google
Korea University,korea.ac.kr,고려대학교 노동대학원 > 근로복지정책 ...,https://kulabor.korea.edu/labor_en/working/professor.do,고려대학교 노동대학원 > 근로복지정책 ...,yes,"""Korea University"" (의과대학 OR 의학과 OR 약학대학 OR 약학과) 교수진",serpapi_google
Korea University,korea.ac.kr,교육연구단 현황 | 참여교수진 현황 게시판목록,https://health.korea.edu/lhs/status/faculty.do,교육연구단 현황 | 참여교수진 현황 게시판목록,yes,"""Korea University"" (의과대학 OR 의학과 OR 약학대학 OR 약학과) 교수진",serpapi_google
Korea University,korea.ac.kr,전임교수,https://pharm.korea.ac.kr/faculty/8670/subview.do,전임교수,yes,"""Korea University"" (의과대학 OR 의학과 OR 약학대학 OR 약학과) 교수진",serpapi_google
Korea University,korea.ac.kr,유튜브 (동영상) - 템플릿 G,https://witch.korea.ac.kr/tem_g/community/youtube.do,유튜브 (동영상) - 템플릿 G,yes,"""Korea University"" (의과대학 OR 의학과 OR 약학대학 OR 약학과) 교수진",serpapi_google
Korea University,korea.ac.kr,고려대학교 대학원 융합생명공학과 | 교수진,https://biograduate.korea.ac.kr/biograd/about/fac.do,고려대학교 대학원 융합생명공학과 | 교수진,yes,"""Korea University"" (생명과학 OR 생명공학 OR 바이오 OR 의생명) 교수진",serpapi_google
Korea University,korea.ac.kr,고려대학교 바이오의공학부,https://bmeng.korea.ac.kr/,고려대학교 바이오의공학부,yes,"""Korea University"" (생명과학 OR 생명공학 OR 바이오 OR 의생명) 교수진",serpapi_google
Korea University,korea.ac.kr,교수소개 | 가톨릭대학교 생명공학과,https://biotech.catholic.ac.kr/biotech/faculty/faculty.do?mode=view&persNo=212410946,교수소개 | 가톨릭대학교 생명공학과,yes,"""Korea University"" (생명과학 OR 생명공학 OR 바이오 OR 의생명) 교수진",serpapi_google
Korea University,korea.ac.kr,교수진,https://mbt.dongguk.edu/professor/list?professor_haggwa_type=PROFH_033,교수진,yes,"""Korea University"" (생명과학 OR 생명공학 OR 바이오 OR 의생명) 교수진",serpapi_google
Korea University,korea.ac.kr,Korea University College of Medicine - 고려대학교,https://medicine.korea.ac.kr/en/index.do,Korea University College of Medicine - 고려대학교,unknown,"""Korea University"" (medicine OR pharmacy OR bioscience OR bioengineering) faculty",serpapi_google
Korea University,korea.ac.kr,Faculty,https://foodscience.korea.edu/foodscience_en/about/faculty.do,Faculty,yes,"""Korea University"" (medicine OR pharmacy OR bioscience OR bioengineering) faculty",serpapi_google
Korea University,korea.ac.kr,Overview,https://www.korea.edu/en/1037/subview.do,Overview,unknown,"""Korea University"" (medicine OR pharmacy OR bioscience OR bioengineering) faculty",serpapi_google
Korea University,korea.ac.kr,College of Pharmacy - Korea university Sejong campus,https://gpa.korea.ac.kr/eng/10288/subview.do,College of Pharmacy - Korea university Sejong campus,unknown,"""Korea University"" (medicine OR pharmacy OR bioscience OR bioengineering) faculty",serpapi_google
Korea University,korea.ac.kr,Korea University College Of Sciences & Biotechnology,https://lifesci.korea.edu/,Korea University College Of Sciences & Biotechnology,unknown,"""Korea University"" (medicine OR pharmacy OR bioscience OR bioengineering) faculty",serpapi_google
Korea University,korea.ac.kr,Faculty,https://phealth.korea.edu/phealth_en/about/faculty.do,Faculty,yes,"""Korea University"" (medicine OR pharmacy OR bioscience OR bioengineering) faculty",serpapi_google
Sungkyunkwan University,skku.edu,성균관대학교 의과대학,https://www.skkumed.ac.kr/,성균관대학교 의과대학,yes,"""Sungkyunkwan University"" (의과대학 OR 의학과 OR 약학대학 OR 약학과) 교수진",serpapi_google
Sungkyunkwan University,skku.edu,교수/연구실 - 성균관대학교 약학대학,https://pharm.skku.edu/intro/professor.php,교수/연구실 - 성균관대학교 약학대학,yes,"""Sungkyunkwan University"" (의과대학 OR 의학과 OR 약학대학 OR 약학과) 교수진",serpapi_google
Sungkyunkwan University,skku.edu,교실소개 | 기초의학,https://www.skkumed.ac.kr/intro2_lab1.asp,교실소개 | 기초의학,yes,"""Sungkyunkwan University"" (의과대학 OR 의학과 OR 약학대학 OR 약학과) 교수진",serpapi_google
Sungkyunkwan University,skku.edu,성균관대학교 약학대학,https://pharm.skku.edu/,성균관대학교 약학대학,yes,"""Sungkyunkwan University"" (의과대학 OR 의학과 OR 약학대학 OR 약학과) 교수진",serpapi_google
Sungkyunkwan University,skku.edu,명인수,https://pharm.cu.ac.kr/about/professor_view.php?num=23&prf_cate=1,명인수,yes,"""Sungkyunkwan University"" (의과대학 OR 의학과 OR 약학대학 OR 약학과) 교수진",serpapi_google
Sungkyunkwan University,skku.edu,교수소개 | 전임교수 | 생명과학과 - 성균관대학교 자연과학대학,https://cscience.skku.edu/cscience/intro/faculty_bio.do,교수소개 | 전임교수 | 생명과학과 - 성균관대학교 자연과학대학,yes,"""Sungkyunkwan University"" (생명과학 OR 생명공학 OR 바이오 OR 의생명) 교수진",serpapi_google
Sungkyunkwan University,skku.edu,성균관대학교 융합생명공학과,https://skb.skku.edu/gene/index.do,성균관대학교 융합생명공학과,unknown,"""Sungkyunkwan University"" (생명과학 OR 생명공학 OR 바이오 OR 의생명) 교수진",serpapi_google
Sungkyunkwan University,skku.edu,생명과학부(생명과학) - 전북대학교,https://natural.jbnu.ac.kr/natural/11061/subview.do?enc=Zm5jdDF8QEB8JTJGamJudVByb2ZsJTJGbmF0dXJhbCUyRjIzNiUyRjMzMjUlMkZhcnRjbFZpZXcuZG8lM0ZwYWdlJTNEMSUyNmZpbmRUeXBlJTNEJTI2ZmluZFdvcmQlM0QlMjY%3D,생명과학부(생명과학) - 전북대학교,unknown,"""Sungkyunkwan University"" (생명과학 OR 생명공학 OR 바이오 OR 의생명) 교수진",serpapi_google
Sungkyunkwan University,skku.edu,공지사항 게시판읽기 ( 최동욱 신임교수님 소개 ),https://bio.korea.ac.kr/bio/commu/notice.do;jsessionid=XSd6mgZfgkxTLmRDJ9np3tRcZcRXSm0JNvhh5gKMnpp2JbqNJJhy!1536141500?mode=view&articleNo=331240&article.offset=105&articleLimit=15,공지사항 게시판읽기 ( 최동욱 신임교수님 소개 ),yes,"""Sungkyunkwan University"" (생명과학 OR 생명공학 OR 바이오 OR 의생명) 교수진",serpapi_google
Sungkyunkwan University,skku.edu,성균관대학교 생명공학대학 | 교수소개 | 융합생명공학과,https://biotech.skku.edu/biotech/faculty_genetic.do,성균관대학교 생명공학대학 | 교수소개 | 융합생명공학과,yes,"""Sungkyunkwan University"" (생명과학 OR 생명공학 OR 바이오 OR 의생명) 교수진",serpapi_google
Sungkyunkwan University,skku.edu,School of Pharmacy | About the School | Faculty,https://skb.skku.edu/eng_pharm/intro/faculty_pharmacy.do,School of Pharmacy | About the School | Faculty,yes,"""Sungkyunkwan University"" (medicine OR pharmacy OR bioscience OR bioengineering) faculty",serpapi_google
Sungkyunkwan University,skku.edu,"SCHOOL OF MEDICINE,SUNGKYUNKWAN UNIVERSITY",https://www.skkumed.ac.kr/eng/,"SCHOOL OF MEDICINE,SUNGKYUNKWAN UNIVERSITY",yes,"""Sungkyunkwan University"" (medicine OR pharmacy OR bioscience OR bioengineering) faculty",serpapi_google
Sungkyunkwan University,skku.edu,School of Pharmacy | About the School | Staff,https://skb.skku.edu/eng_pharm/intro/staff.do,School of Pharmacy | About the School | Staff,unknown,"""Sungkyunkwan University"" (medicine OR pharmacy OR bioscience OR bioengineering) faculty",serpapi_google
Sungkyunkwan University,skku.edu,"College of Biotechnology and Bioengineering , SKKU",https://biotech.skku.edu/eng_biotech/index.do,"College of Biotechnology and Bioengineering , SKKU",yes,"""Sungkyunkwan University"" (medicine OR pharmacy OR bioscience OR bioengineering) faculty",serpapi_google
Sungkyunkwan University,skku.edu,Biomedical Science Faculty,https://www.skkumed.ac.kr/eng/faculty.asp,Biomedical Science Faculty,yes,"""Sungkyunkwan University"" (medicine OR pharmacy OR bioscience OR bioengineering) faculty",serpapi_google
Sungkyunkwan University,skku.edu,SUNGKYUNKWAN UNIVERSITY SCHOOL OF MEDICINE ...,https://biomedical.skku.edu/,SUNGKYUNKWAN UNIVERSITY SCHOOL OF MEDICINE ...,yes,"""Sungkyunkwan University"" (medicine OR pharmacy OR bioscience OR bioengineering) faculty",serpapi_google
Hanyang University,hanyang.ac.kr,한양대 약학대학,https://pharmacy.hanyang.ac.kr/front/professors/professor,한양대 약학대학,yes,"""Hanyang University"" (의과대학 OR 의학과 OR 약학대학 OR 약학과) 교수진",serpapi_google
Hanyang University,hanyang.ac.kr,보직교수,https://pharmacy.hanyang.ac.kr/front/professors/appointment,보직교수,yes,"""Hanyang University"" (의과대학 OR 의학과 OR 약학대학 OR 약학과) 교수진",serpapi_google
Hanyang University,hanyang.ac.kr,한양대학교 약학대학,https://pharmacy.hanyang.ac.kr/,한양대학교 약학대학,yes,"""Hanyang University"" (의과대학 OR 의학과 OR 약학대학 OR 약학과) 교수진",serpapi_google
Hanyang University,hanyang.ac.kr,초빙겸임교수,https://pharmacy.hanyang.ac.kr/front/professors/v-faculty,초빙겸임교수,yes,"""Hanyang University"" (의과대학 OR 의학과 OR 약학대학 OR 약학과) 교수진",serpapi_google
Hanyang University,hanyang.ac.kr,교수소개 - 의학교육학교실,https://medix.hanyang.ac.kr/-02-2-10-faculty,교수소개 - 의학교육학교실,yes,"""Hanyang University"" (의과대학 OR 의학과 OR 약학대학 OR 약학과) 교수진",serpapi_google
Hanyang University,hanyang.ac.kr,교수진 - 생명과학과 - 한양대학교,https://lifescience.hanyang.ac.kr/-7,교수진 - 생명과학과 - 한양대학교,yes,"""Hanyang University"" (생명과학 OR 생명공학 OR 바이오 OR 의생명) 교수진",serpapi_google
Hanyang University,hanyang.ac.kr,교직원소개 | 한양대 의생명공학전문대학원,https://bmse.hanyang.ac.kr/sub/sub01_03.php?cat_no=4,교직원소개 | 한양대 의생명공학전문대학원,yes,"""Hanyang University"" (생명과학 OR 생명공학 OR 바이오 OR 의생명) 교수진",serpapi_google
Hanyang University,hanyang.ac.kr,분자생명과학과,https://atc.hanyang.ac.kr/front/depintro/graduate/domls,분자생명과학과,yes,"""Hanyang University"" (생명과학 OR 생명공학 OR 바이오 OR 의생명) 교수진",serpapi_google
Hanyang University,hanyang.ac.kr,교직원소개 - 한양대 의생명공학전문대학원,https://bmse.hanyang.ac.kr/sub/sub01_03.php,교직원소개 - 한양대 의생명공학전문대학원,unknown,"""Hanyang University"" (생명과학 OR 생명공학 OR 바이오 OR 의생명) 교수진",serpapi_google
Hanyang University,hanyang.ac.kr,의생명과학과 - 한양대 의생명공학전문대학원,https://bmse.hanyang.ac.kr/sub/sub02_02.php,의생명과학과 - 한양대 의생명공학전문대학원,yes,"""Hanyang University"" (생명과학 OR 생명공학 OR 바이오 OR 의생명) 교수진",serpapi_google
Hanyang University,hanyang.ac.kr,교직원소개 | 한양대 의생명공학전문대학원,https://bmse.hanyang.ac.kr/sub/sub01_03.php?mode=view&cat_no=5&idx=45&offset=,교직원소개 | 한양대 의생명공학전문대학원,yes,"""Hanyang University"" (생명과학 OR 생명공학 OR 바이오 OR 의생명) 교수진",serpapi_google
Hanyang University,hanyang.ac.kr,생명의료정보학과 - 한양대 의생명공학전문대학원 - 한양대학교,https://bmse.hanyang.ac.kr/sub/sub02_04_02.php,생명의료정보학과 - 한양대 의생명공학전문대학원 - 한양대학교,yes,"""Hanyang University"" (생명과학 OR 생명공학 OR 바이오 OR 의생명) 교수진",serpapi_google
Hanyang University,hanyang.ac.kr,교직원소개 | 한양대 의생명공학전문대학원,https://bmse.hanyang.ac.kr/sub/sub01_03.php?cat_no=5,교직원소개 | 한양대 의생명공학전문대학원,yes,"""Hanyang University"" (생명과학 OR 생명공학 OR 바이오 OR 의생명) 교수진",serpapi_google
Hanyang University,hanyang.ac.kr,공지사항 게시판읽기 ( 박희호 신임교수님 소개 ),https://bio.korea.ac.kr/bio/commu/notice.do;jsessionid=vpsgm2tT5VCYHdy32zhkcr7KhsTnmSTQr47tGL39L9yDbLlywGKy!705003820?mode=view&articleNo=763274&article.offset=15&articleLimit=15,공지사항 게시판읽기 ( 박희호 신임교수님 소개 ),yes,"""Hanyang University"" (생명과학 OR 생명공학 OR 바이오 OR 의생명) 교수진",serpapi_google
Hanyang University,hanyang.ac.kr,Department of Pharmacy,https://pharmacy.hanyang.ac.kr/front/academics/undergraduate-en,Department of Pharmacy,unknown,"""Hanyang University"" (medicine OR pharmacy OR bioscience OR bioengineering) faculty",serpapi_google
Hanyang University,hanyang.ac.kr,Schools & Colleges - Hanyang University,https://www.hanyang.ac.kr/web/eng/s_college_department-info,Schools & Colleges - Hanyang University,unknown,"""Hanyang University"" (medicine OR pharmacy OR bioscience OR bioengineering) faculty",serpapi_google
Hanyang University,hanyang.ac.kr,Hanyang University Graduate School,http://www.grad.hanyang.ac.kr/m/eng/department/departmentintro_view.php?prdcode=1603300109&catcode=102700,Hanyang University Graduate School,unknown,"""Hanyang University"" (medicine OR pharmacy OR bioscience OR bioengineering) faculty",serpapi_google
Hanyang University,hanyang.ac.kr,Hanyang University Professor,https://physicalpharmacy.hanyang.ac.kr/front/professor?lang=us,Hanyang University Professor,yes,"""Hanyang University"" (medicine OR pharmacy OR bioscience OR bioengineering) faculty",serpapi_google
Hanyang University,hanyang.ac.kr,Biomedical Engineering - 한양대 의생명공학전문대학원,https://bmse.hanyang.ac.kr/en/sub/sub02_01.php,Biomedical Engineering - 한양대 의생명공학전문대학원,unknown,"""Hanyang University"" (medicine OR pharmacy OR bioscience OR bioengineering) faculty",serpapi_google
Hanyang University,hanyang.ac.kr,Hanyang Institute of Bioscience and Biotechnology,https://ibb.hanyang.ac.kr/eng/members/mem_key.php,Hanyang Institute of Bioscience and Biotechnology,yes,"""Hanyang University"" (medicine OR pharmacy OR bioscience OR bioengineering) faculty",serpapi_google
Kyung Hee University,khu.ac.kr,교수소개 약학과 약학대학 홈페이지 - 경희대학교,https://pharm.khu.ac.kr/pharm_kor/user/bbs/BMSR00047/list.do?menuNo=3900015,교수소개 약학과 약학대학 홈페이지 - 경희대학교,yes,"""Kyung Hee University"" (의과대학 OR 의학과 OR 약학대학 OR 약학과) 교수진",serpapi_google
Kyung Hee University,khu.ac.kr,교수소개 교수소개 기초교실 약리학교실 의과대학,https://com.khu.ac.kr/khusm_kor/user/contents/view.do?menuNo=22300031,교수소개 교수소개 기초교실 약리학교실 의과대학,yes,"""Kyung Hee University"" (의과대학 OR 의학과 OR 약학대학 OR 약학과) 교수진",serpapi_google
Kyung Hee University,khu.ac.kr,학과 소개 서울캠퍼스 의학과 학과 ...,https://gskh.khu.ac.kr/gskh_kor/user/contents/view.do?menuNo=13100355,학과 소개 서울캠퍼스 의학과 학과 ...,yes,"""Kyung Hee University"" (의과대학 OR 의학과 OR 약학대학 OR 약학과) 교수진",serpapi_google
Kyung Hee University,khu.ac.kr,유전생명공학과 전임교수 - 경희대학교,https://genetech.khu.ac.kr/cls/user/bbs/BMSR00047/list.do?menuNo=11600093,유전생명공학과 전임교수 - 경희대학교,yes,"""Kyung Hee University"" (생명과학 OR 생명공학 OR 바이오 OR 의생명) 교수진",serpapi_google
Kyung Hee University,khu.ac.kr,대학소개 인사말 생명과학대학 - 경희대학교,https://cls.khu.ac.kr/cls/user/contents/view.do?menuNo=11600009,대학소개 인사말 생명과학대학 - 경희대학교,yes,"""Kyung Hee University"" (생명과학 OR 생명공학 OR 바이오 OR 의생명) 교수진",serpapi_google
Kyung Hee University,khu.ac.kr,식품생명공학과 전임교수 - 경희대학교,https://fst.khu.ac.kr/cls/user/bbs/BMSR00047/list.do?menuNo=11600089,식품생명공학과 전임교수 - 경희대학교,yes,"""Kyung Hee University"" (생명과학 OR 생명공학 OR 바이오 OR 의생명) 교수진",serpapi_google
Kyung Hee University,khu.ac.kr,"[졸업생취재] 최성용교수(현, 경희대학교 생체의공학과)",https://bioeng.kaist.ac.kr/index.php?mid=bio_05_04&document_srl=12073,"[졸업생취재] 최성용교수(현, 경희대학교 생체의공학과)",yes,"""Kyung Hee University"" (생명과학 OR 생명공학 OR 바이오 OR 의생명) 교수진",serpapi_google
Kyung Hee University,khu.ac.kr,Department of Basic Pharmaceutical Science - 약학대학,https://pharm.khu.ac.kr/pharm_eng/user/bbs/BMSR00047/list.do?menuNo=9000006,Department of Basic Pharmaceutical Science - 약학대학,unknown,"""Kyung Hee University"" (medicine OR pharmacy OR bioscience OR bioengineering) faculty",serpapi_google
Kyung Hee University,khu.ac.kr,KYUNG HEE UNIVERSITY,https://www.khu.ac.kr/eng/user/bbs/BMSR00044/view.do?menuNo=300052&boardId=319046&catId=,KYUNG HEE UNIVERSITY,yes,"""Kyung Hee University"" (medicine OR pharmacy OR bioscience OR bioengineering) faculty",serpapi_google
Kyung Hee University,khu.ac.kr,the website of Kyung Hee University College of Pharmacy.,https://com.khu.ac.kr/pharm_eng/user/contents/view.do?menuNo=9000004,the website of Kyung Hee University College of Pharmacy.,unknown,"""Kyung Hee University"" (medicine OR pharmacy OR bioscience OR bioengineering) faculty",serpapi_google
Ewha Womans University,ewha.ac.kr,현직교수 - 교수진 - 서울대학교 생명과학부,https://biosci.snu.ac.kr/people/faculty,현직교수 - 교수진 - 서울대학교 생명과학부,yes,"""Ewha Womans University"" (의과대학 OR 의학과 OR 약학대학 OR 약학과) 교수진",serpapi_google
Ewha Womans University,ewha.ac.kr,교수진 - 조직 및 구성원 - 대학안내 - 서울대학교 농업 ...,http://cals.snu.ac.kr/about/organization/search/faculty,교수진 - 조직 및 구성원 - 대학안내 - 서울대학교 농업 ...,yes,"""Ewha Womans University"" (의과대학 OR 의학과 OR 약학대학 OR 약학과) 교수진",serpapi_google
Ewha Womans University,ewha.ac.kr,이화여자대학교 생명과학과,https://biology.ewha.ac.kr/,이화여자대학교 생명과학과,yes,"""Ewha Womans University"" (생명과학 OR 생명공학 OR 바이오 OR 의생명) 교수진",serpapi_google
Ewha Womans University,ewha.ac.kr,현직교수 | 이화여자대학교 식품생명공학전공,https://foodbiotech.ewha.ac.kr/foodbiotech/intro/professor.do,현직교수 | 이화여자대학교 식품생명공학전공,yes,"""Ewha Womans University"" (생명과학 OR 생명공학 OR 바이오 OR 의생명) 교수진",serpapi_google
Ewha Womans University,ewha.ac.kr,2023년 제6회 바이오커리어데이 개최,https://cmsfox.ewha.ac.kr/biology/intro/majornotice.do?mode=view&articleNo=782162&article.offset=40&articleLimit=10,2023년 제6회 바이오커리어데이 개최,yes,"""Ewha Womans University"" (생명과학 OR 생명공학 OR 바이오 OR 의생명) 교수진",serpapi_google
Ewha Womans University,ewha.ac.kr,이화여자대학교 식품생명공학전공,https://foodbiotech.ewha.ac.kr/,이화여자대학교 식품생명공학전공,yes,"""Ewha Womans University"" (생명과학 OR 생명공학 OR 바이오 OR 의생명) 교수진",serpapi_google
Ewha Womans University,ewha.ac.kr,교수진 게시판목록 - 휴먼기계바이오공학부 - 이화여자대학교,https://mbe.ewha.ac.kr/mbeadmin/intro/faculty.do?mode=list&article.offset=0,교수진 게시판목록 - 휴먼기계바이오공학부 - 이화여자대학교,yes,"""Ewha Womans University"" (생명과학 OR 생명공학 OR 바이오 OR 의생명) 교수진",serpapi_google
Ewha Womans University,ewha.ac.kr,학과소식 게시판목록 | 이화여자대학교 생명과학과,https://cmsfox.ewha.ac.kr/biology/intro/majornotice.do?mode=list&article.offset=80,학과소식 게시판목록 | 이화여자대학교 생명과학과,yes,"""Ewha Womans University"" (생명과학 OR 생명공학 OR 바이오 OR 의생명) 교수진",serpapi_google
Ewha Womans University,ewha.ac.kr,"남상집 (생화학, 바이오) | 이화여자대학교 화학·나노과학과 ...",https://myr.ewha.ac.kr/chem/faculty/full-time-professor.do?mode=view&articleNo=517295&title=%EB%82%A8%EC%83%81%EC%A7%91+%28%EC%83%9D%ED%99%94%ED%95%99%2C+%EB%B0%94%EC%9D%B4%EC%98%A4%29,"남상집 (생화학, 바이오) | 이화여자대학교 화학·나노과학과 ...",yes,"""Ewha Womans University"" (생명과학 OR 생명공학 OR 바이오 OR 의생명) 교수진",serpapi_google
Ewha Womans University,ewha.ac.kr,교수소개 | 이화여자대학교 공과대학,https://biz.ewha.ac.kr/eng/major/major10.do,교수소개 | 이화여자대학교 공과대학,yes,"""Ewha Womans University"" (생명과학 OR 생명공학 OR 바이오 OR 의생명) 교수진",serpapi_google
Ewha Womans University,ewha.ac.kr,College of Pharmacy | Faculty,https://www.ewha.ac.kr/ewhaen/academics/pharmacy-prof.do,College of Pharmacy | Faculty,yes,"""Ewha Womans University"" (medicine OR pharmacy OR bioscience OR bioengineering) faculty",serpapi_google
Ewha Womans University,ewha.ac.kr,Undergraduate | College of Pharmacy | About,http://www.ewha.ac.kr/ewhaen/academics/pharmacy.do,Undergraduate | College of Pharmacy | About,unknown,"""Ewha Womans University"" (medicine OR pharmacy OR bioscience OR bioengineering) faculty",serpapi_google
Ewha Womans University,ewha.ac.kr,Ewha Womans University College of Medicine,https://www.ewhamed.ac.kr/ewhamedeng/index.do,Ewha Womans University College of Medicine,unknown,"""Ewha Womans University"" (medicine OR pharmacy OR bioscience OR bioengineering) faculty",serpapi_google
Ewha Womans University,ewha.ac.kr,College of Medicine | Faculty,https://www.ewha.ac.kr/ewhaen/academics/medicine-prof.do,College of Medicine | Faculty,yes,"""Ewha Womans University"" (medicine OR pharmacy OR bioscience OR bioengineering) faculty",serpapi_google
Ewha Womans University,ewha.ac.kr,Department of Medicine,https://pure.ewha.ac.kr/en/organisations/department-of-medicine/,Department of Medicine,unknown,"""Ewha Womans University"" (medicine OR pharmacy OR bioscience OR bioengineering) faculty",serpapi_google
Chung-Ang University,cau.ac.kr,교수진,https://pharm.cau.ac.kr/am/am-2-2.php,교수진,yes,"""Chung-Ang University"" (의과대학 OR 의학과 OR 약학대학 OR 약학과) 교수진",serpapi_google
Chung-Ang University,cau.ac.kr,중앙대학교 약학대학,https://pharm.cau.ac.kr/,중앙대학교 약학대학,unknown,"""Chung-Ang University"" (의과대학 OR 의학과 OR 약학대학 OR 약학과) 교수진",serpapi_google
Chung-Ang University,cau.ac.kr,연구실,https://fda.cau.ac.kr/dm/dm-1-4.php,연구실,unknown,"""Chung-Ang University"" (의과대학 OR 의학과 OR 약학대학 OR 약학과) 교수진",serpapi_google
Chung-Ang University,cau.ac.kr,김윤,https://pharm.cu.ac.kr/about/professor_view.php?num=24&prf_cate=1,김윤,yes,"""Chung-Ang University"" (의과대학 OR 의학과 OR 약학대학 OR 약학과) 교수진",serpapi_google
Chung-Ang University,cau.ac.kr,중앙대학교 생명과학과,https://bio.cau.ac.kr/,중앙대학교 생명과학과,yes,"""Chung-Ang University"" (생명과학 OR 생명공학 OR 바이오 OR 의생명) 교수진",serpapi_google
Chung-Ang University,cau.ac.kr,"[졸업생취재] 나도균 교수 (현, 중앙대학교) - 바이오및뇌공학과",https://bioeng.kaist.ac.kr/index.php?mid=bio_05_04&document_srl=12153,"[졸업생취재] 나도균 교수 (현, 중앙대학교) - 바이오및뇌공학과",yes,"""Chung-Ang University"" (생명과학 OR 생명공학 OR 바이오 OR 의생명) 교수진",serpapi_google
Chung-Ang University,cau.ac.kr,Albert Einstein College of Medicine | Montefiore Einstein,https://einsteinmed.edu/,Albert Einstein College of Medicine | Montefiore Einstein,unknown,"""Chung-Ang University"" (medicine OR pharmacy OR bioscience OR bioengineering) faculty",serpapi_google
Ajou University,ajou.ac.kr,전임교수 | 아주대학교 약학대학,https://globalpharm.ajou.ac.kr/pharm/faculty/professor01.do?mode=view&empl_no=$cms$IwThDZmAGAOAWIA&mngt_no=$cms$IwThDZmAGAOAWIA&uniCd=h&deptCd=$cms$CIZQDAzGCMUEzSA&cate=2,전임교수 | 아주대학교 약학대학,yes,"""Ajou University"" (의과대학 OR 의학과 OR 약학대학 OR 약학과) 교수진",serpapi_google
Ajou University,ajou.ac.kr,전임교수 | 아주대학교 약학대학,https://www.ajou.ac.kr/pharm/faculty/professor01.do?mode=view&empl_no=$cms$EwBgjAzGIsxA&mngt_no=$cms$EwBgjAzGIsxA&uniCd=h&deptCd=$cms$CIZQDAzGCMUEzSA&cate=2,전임교수 | 아주대학교 약학대학,yes,"""Ajou University"" (의과대학 OR 의학과 OR 약학대학 OR 약학과) 교수진",serpapi_google
Ajou University,ajou.ac.kr,약학과 | 아주대학교 일반대학원,http://www.ajou.ac.kr/gs/research/faculty26.do,약학과 | 아주대학교 일반대학원,yes,"""Ajou University"" (의과대학 OR 의학과 OR 약학대학 OR 약학과) 교수진",serpapi_google
Ajou University,ajou.ac.kr,2017년 아주대학교 약학대학 현판식,https://www.ajou.ac.kr/globalpharm/board/news.do;jsessionid=DC96D45C95E25638D5BB97A5E62B7F87?mode=view&articleNo=242459&article.offset=40&articleLimit=10,2017년 아주대학교 약학대학 현판식,yes,"""Ajou University"" (의과대학 OR 의학과 OR 약학대학 OR 약학과) 교수진",serpapi_google
Ajou University,ajou.ac.kr,전임교수 | 아주대학교 약학대학,https://www.ajou.ac.kr/pharm/faculty/professor01.do?mode=view&empl_no=$cms$EwBgjALGJQ7EA&mngt_no=$cms$EwBgjALGJQ7EA&uniCd=h&deptCd=$cms$CIZQDAzGCMUEzSA&cate=2,전임교수 | 아주대학교 약학대학,yes,"""Ajou University"" (의과대학 OR 의학과 OR 약학대학 OR 약학과) 교수진",serpapi_google
Ajou University,ajou.ac.kr,전임교수 | 아주대학교 약학대학,https://www.ajou.ac.kr/pharm/faculty/professor01.do?mode=view&empl_no=$cms$EwBgjBIMwJwGxA&mngt_no=$cms$EwBgjBIMwJwGxA&uniCd=h&deptCd=$cms$CIZQDAzGCMUEzSA&cate=2,전임교수 | 아주대학교 약학대학,yes,"""Ajou University"" (의과대학 OR 의학과 OR 약학대학 OR 약학과) 교수진",serpapi_google
Ajou University,ajou.ac.kr,아주대학교 글로벌제약임상대학원,https://www.ajou.ac.kr/globalpharm/board/news.do;jsessionid=3FCF37A9F7EE04D36A5366A534912FEC?mode=view&articleNo=242472&title=%EC%A0%9C4%ED%9A%8C+%EC%95%84%EC%A3%BC%EB%8C%80%ED%95%99%EA%B5%90+%EC%9D%98%EC%95%BD%ED%95%99+%EA%B3%B5%EB%8F%99+%EC%8B%AC%ED%8F%AC%EC%A7%80%EC%97%84,아주대학교 글로벌제약임상대학원,yes,"""Ajou University"" (의과대학 OR 의학과 OR 약학대학 OR 약학과) 교수진",serpapi_google
Ajou University,ajou.ac.kr,교수진소개 | 아주대학교 생명과학과,https://biology.ajou.ac.kr/biolog/faculty/faculty01.do?mode=view&empl_no=$cms$EwBmBYEYQZgTgOxA&mngt_no=$cms$EwBmBYEYQZgTgOxA&uniCd=h&deptCd=$cms$CIZQDAzGlgTALEA&cate=2,교수진소개 | 아주대학교 생명과학과,yes,"""Ajou University"" (생명과학 OR 생명공학 OR 바이오 OR 의생명) 교수진",serpapi_google
Ajou University,ajou.ac.kr,전임교수 | 아주대학교 첨단바이오융합대학,https://www.ajou.ac.kr/ibio/faculty/faculty01.do?mode=view&empl_no=$cms$EwBhDYEZLAOI&mngt_no=$cms$EwBhDYEZLAOI&uniCd=h&deptCd=$cms$CIZQDAzGCMBsQ&cate=2,전임교수 | 아주대학교 첨단바이오융합대학,yes,"""Ajou University"" (생명과학 OR 생명공학 OR 바이오 OR 의생명) 교수진",serpapi_google
Ajou University,ajou.ac.kr,전임교수 | 아주대학교 첨단바이오융합대학,https://www.ajou.ac.kr/ibio/faculty/faculty01.do?mode=view&empl_no=$cms$EwBgjA7GICwsQ&mngt_no=$cms$EwBgjA7GICwsQ&uniCd=h&deptCd=$cms$CIZQDAzGCMBsQ&cate=2,전임교수 | 아주대학교 첨단바이오융합대학,yes,"""Ajou University"" (생명과학 OR 생명공학 OR 바이오 OR 의생명) 교수진",serpapi_google
Ajou University,ajou.ac.kr,응용생명공학과 | 아주대학교 일반대학원,http://www.ajou.ac.kr/gs/research/faculty31.do,응용생명공학과 | 아주대학교 일반대학원,yes,"""Ajou University"" (생명과학 OR 생명공학 OR 바이오 OR 의생명) 교수진",serpapi_google
Ajou University,ajou.ac.kr,생명과학 | 아주대학교 다산학부대학,http://www.ajou.ac.kr/uc/faculty/faculty02_bio.do,생명과학 | 아주대학교 다산학부대학,yes,"""Ajou University"" (생명과학 OR 생명공학 OR 바이오 OR 의생명) 교수진",serpapi_google
Ajou University,ajou.ac.kr,2026학년도 자연과학대학 하계 자기개발 해외연수 선발자 ...,https://www.ajou.ac.kr/ns/board/notice.do;jsessionid=D8FE85AC8FE16EF1C2537B4DA0A6BA78?mode=view&articleNo=369085&article.offset=580&articleLimit=10,2026학년도 자연과학대학 하계 자기개발 해외연수 선발자 ...,unknown,"""Ajou University"" (생명과학 OR 생명공학 OR 바이오 OR 의생명) 교수진",serpapi_google
Ajou University,ajou.ac.kr,[2026.09.11] (해외석학 초청 세미나) Reprogramming Cell ...,https://env.ajou.ac.kr/gs/bk21/bk21_bbs.do?mode=view&articleNo=375647&article.offset=0&articleLimit=10,[2026.09.11] (해외석학 초청 세미나) Reprogramming Cell ...,unknown,"""Ajou University"" (생명과학 OR 생명공학 OR 바이오 OR 의생명) 교수진",serpapi_google
Inha University,inha.ac.kr,인하대학교 의과대학,https://medicine.inha.ac.kr/,인하대학교 의과대학,yes,"""Inha University"" (의과대학 OR 의학과 OR 약학대학 OR 약학과) 교수진",serpapi_google
Inha University,inha.ac.kr,의예과,https://medicine.inha.ac.kr/medicine/9606/subview.do,의예과,yes,"""Inha University"" (의과대학 OR 의학과 OR 약학대학 OR 약학과) 교수진",serpapi_google
Inha University,inha.ac.kr,의학과,https://medicine.inha.ac.kr/medicine/9658/subview.do,의학과,yes,"""Inha University"" (의과대학 OR 의학과 OR 약학대학 OR 약학과) 교수진",serpapi_google
Inha University,inha.ac.kr,의생명학,https://medicine.inha.ac.kr/medicine/9673/subview.do,의생명학,yes,"""Inha University"" (의과대학 OR 의학과 OR 약학대학 OR 약학과) 교수진",serpapi_google
Inha University,inha.ac.kr,바이오헬스융합,https://gsph.inha.ac.kr/gsph/1766/subview.do,바이오헬스융합,yes,"""Inha University"" (의과대학 OR 의학과 OR 약학대학 OR 약학과) 교수진",serpapi_google
Inha University,inha.ac.kr,커뮤니티케어,https://gsph.inha.ac.kr/gsph/1765/subview.do,커뮤니티케어,yes,"""Inha University"" (의과대학 OR 의학과 OR 약학대학 OR 약학과) 교수진",serpapi_google
Inha University,inha.ac.kr,인하대학교 생명공학과,https://bio.inha.ac.kr/,인하대학교 생명공학과,yes,"""Inha University"" (생명과학 OR 생명공학 OR 바이오 OR 의생명) 교수진",serpapi_google
Inha University,inha.ac.kr,교수진,https://bio.inha.ac.kr/bio/2341/subview.do,교수진,yes,"""Inha University"" (생명과학 OR 생명공학 OR 바이오 OR 의생명) 교수진",serpapi_google
Inha University,inha.ac.kr,교수진,https://biology.inha.ac.kr/biology/3664/subview.do,교수진,yes,"""Inha University"" (생명과학 OR 생명공학 OR 바이오 OR 의생명) 교수진",serpapi_google
Inha University,inha.ac.kr,인사말,https://bio.inha.ac.kr/bio/2327/subview.do,인사말,unknown,"""Inha University"" (생명과학 OR 생명공학 OR 바이오 OR 의생명) 교수진",serpapi_google
Inha University,inha.ac.kr,INHA UNIVERSITY 인하대학교 생명과학과,https://biology.inha.ac.kr/,INHA UNIVERSITY 인하대학교 생명과학과,unknown,"""Inha University"" (생명과학 OR 생명공학 OR 바이오 OR 의생명) 교수진",serpapi_google
Inha University,inha.ac.kr,학과소개,https://bio.inha.ac.kr/bio/2343/subview.do,학과소개,unknown,"""Inha University"" (생명과학 OR 생명공학 OR 바이오 OR 의생명) 교수진",serpapi_google
Inha University,inha.ac.kr,교수진 소개,https://biopharm.inha.ac.kr/biopharm/10304/subview.do,교수진 소개,yes,"""Inha University"" (생명과학 OR 생명공학 OR 바이오 OR 의생명) 교수진",serpapi_google
Inha University,inha.ac.kr,학과별 교수소개,https://biosyst.inha.ac.kr/biosyst/14985/subview.do,학과별 교수소개,yes,"""Inha University"" (생명과학 OR 생명공학 OR 바이오 OR 의생명) 교수진",serpapi_google
Inha University,inha.ac.kr,분자세포생물학연구소,http://www.inha.ac.kr/kr/1259/subview.do,분자세포생물학연구소,yes,"""Inha University"" (생명과학 OR 생명공학 OR 바이오 OR 의생명) 교수진",serpapi_google
Inha University,inha.ac.kr,College of Medicine,https://eng.inha.ac.kr/eng/3596/subview.do,College of Medicine,unknown,"""Inha University"" (medicine OR pharmacy OR bioscience OR bioengineering) faculty",serpapi_google
Inha University,inha.ac.kr,College of Bio-Innovation,https://eng.inha.ac.kr/eng/4099/subview..do?&enc=Zm5jdDF8QEB8JTJGZGVwYXJ0bWVudEludHJvJTJGZW5nJTJGMTA1JTJGMzk3JTJGaW50cm9WaWV3LmRvJTNG,College of Bio-Innovation,unknown,"""Inha University"" (medicine OR pharmacy OR bioscience OR bioengineering) faculty",serpapi_google
Inha University,inha.ac.kr,Program in Biomedical Science and Engineering,https://bmse.inha.ac.kr/PremediSTeng/3798/subview.do,Program in Biomedical Science and Engineering,unknown,"""Inha University"" (medicine OR pharmacy OR bioscience OR bioengineering) faculty",serpapi_google
Pusan National University,pusan.ac.kr,전체교수진,https://pharmacy.pusan.ac.kr/pharmacy/14934/subview.do,전체교수진,yes,"""Pusan National University"" (의과대학 OR 의학과 OR 약학대학 OR 약학과) 교수진",serpapi_google
Pusan National University,pusan.ac.kr,부산대학교 약학대학 | College of Pharmacy | Pusan National ...,https://pharmacy.pusan.ac.kr/,부산대학교 약학대학 | College of Pharmacy | Pusan National ...,yes,"""Pusan National University"" (의과대학 OR 의학과 OR 약학대학 OR 약학과) 교수진",serpapi_google
Pusan National University,pusan.ac.kr,인사말,https://pharmacy.pusan.ac.kr/pharmacy/2325/subview.do,인사말,unknown,"""Pusan National University"" (의과대학 OR 의학과 OR 약학대학 OR 약학과) 교수진",serpapi_google
Pusan National University,pusan.ac.kr,최두형,https://pharm.cu.ac.kr/about/professor_view.php?num=35&prf_cate=1,최두형,yes,"""Pusan National University"" (의과대학 OR 의학과 OR 약학대학 OR 약학과) 교수진",serpapi_google
Pusan National University,pusan.ac.kr,약학전공(대학원 약학과),https://pharmacy.pusan.ac.kr/pharmacy/5594/subview.do,약학전공(대학원 약학과),yes,"""Pusan National University"" (의과대학 OR 의학과 OR 약학대학 OR 약학과) 교수진",serpapi_google
Pusan National University,pusan.ac.kr,김대덕 - 서울대학교 약학대학,https://snupharm.snu.ac.kr/snu__professor/%EA%B9%80%EB%8C%80%EB%8D%95/,김대덕 - 서울대학교 약학대학,yes,"""Pusan National University"" (의과대학 OR 의학과 OR 약학대학 OR 약학과) 교수진",serpapi_google
Pusan National University,pusan.ac.kr,교수진,https://green-bio.pusan.ac.kr/greenbio/15534/subview.do,교수진,yes,"""Pusan National University"" (생명과학 OR 생명공학 OR 바이오 OR 의생명) 교수진",serpapi_google
Pusan National University,pusan.ac.kr,교수진 - 의생명융합공학부 - 부산대학교,https://bce.pusan.ac.kr/bce/5000/subview.do,교수진 - 의생명융합공학부 - 부산대학교,yes,"""Pusan National University"" (생명과학 OR 생명공학 OR 바이오 OR 의생명) 교수진",serpapi_google
Pusan National University,pusan.ac.kr,백민준(Min-Jun Baek) - 바이오및뇌공학과,https://bioeng.kaist.ac.kr/index.php?mid=bio_03_01&document_srl=20082,백민준(Min-Jun Baek) - 바이오및뇌공학과,yes,"""Pusan National University"" (생명과학 OR 생명공학 OR 바이오 OR 의생명) 교수진",serpapi_google
Pusan National University,pusan.ac.kr,교수진 소개 │ 교육 │ GCSP,https://ncc-gcsp.ac.kr/kr_academics/kimsunmi.jsp?flag=22,교수진 소개 │ 교육 │ GCSP,yes,"""Pusan National University"" (생명과학 OR 생명공학 OR 바이오 OR 의생명) 교수진",serpapi_google
Pusan National University,pusan.ac.kr,부산대학교 생명과학과,https://biology.pusan.ac.kr/,부산대학교 생명과학과,yes,"""Pusan National University"" (생명과학 OR 생명공학 OR 바이오 OR 의생명) 교수진",serpapi_google
Pusan National University,pusan.ac.kr,겸임교수 게시판목록,https://mbs.catholic.ac.kr/mbs/faculty/adjunct.do,겸임교수 게시판목록,yes,"""Pusan National University"" (생명과학 OR 생명공학 OR 바이오 OR 의생명) 교수진",serpapi_google
Kyungpook National University,knu.ac.kr,교수소개,https://med.knu.ac.kr/pages/sub.htm?nav_code=knu1670413496,교수소개,yes,"""Kyungpook National University"" (의과대학 OR 의학과 OR 약학대학 OR 약학과) 교수진",serpapi_google
Kyungpook National University,knu.ac.kr,경북대학교,https://www.knu.ac.kr/,경북대학교,yes,"""Kyungpook National University"" (의과대학 OR 의학과 OR 약학대학 OR 약학과) 교수진",serpapi_google
Kyungpook National University,knu.ac.kr,조직도,https://med.knu.ac.kr/pages/sub.htm?nav_code=knu1670413489,조직도,yes,"""Kyungpook National University"" (의과대학 OR 의학과 OR 약학대학 OR 약학과) 교수진",serpapi_google
Kyungpook National University,knu.ac.kr,교수소개,https://med.knu.ac.kr/pages/sub.htm?nav_code=knu1670413496&mode=view&mv_data=aWR4PTMxMSZtb2RlPSZzdGFydFBhZ2U9MCZsaXN0Tm89MiZ0YWJsZT1jc19iYnNfZGF0YSZzZWFyY2hfaXRlbT0mc2VhcmNoX29yZGVyPSZvcmRlcl9saXN0PSZ2aWV3X2xldmVsPXAxJmxpc3Rfc2NhbGU9JnZpZXdfY2F0ZT01JnZpZXdfY2F0ZTI9MjAmdmlld19jYXRlMz0mdmlld19jYXRlND0mdmlld19jYXRlNT0mdmlld19jYXRlNj0=||,교수소개,yes,"""Kyungpook National University"" (의과대학 OR 의학과 OR 약학대학 OR 약학과) 교수진",serpapi_google
Kyungpook National University,knu.ac.kr,병리학,https://med.knu.ac.kr/pages/sub.htm?nav_code=knu1670413496&view_cate=&view_cate2=25,병리학,yes,"""Kyungpook National University"" (의과대학 OR 의학과 OR 약학대학 OR 약학과) 교수진",serpapi_google
Kyungpook National University,knu.ac.kr,생화학·세포생물학,https://med.knu.ac.kr/pages/sub.htm?nav_code=knu1670413496&view_cate=&view_cate2=20,생화학·세포생물학,yes,"""Kyungpook National University"" (의과대학 OR 의학과 OR 약학대학 OR 약학과) 교수진",serpapi_google
Kyungpook National University,knu.ac.kr,전임교수 | 가톨릭대학교 생명공학과,https://biotech.catholic.ac.kr/biotech/faculty/faculty.do,전임교수 | 가톨릭대학교 생명공학과,yes,"""Kyungpook National University"" (의과대학 OR 의학과 OR 약학대학 OR 약학과) 교수진",serpapi_google
Kyungpook National University,knu.ac.kr,Kyungpook National University School of Medicine,https://med.knu.ac.kr/eng/,Kyungpook National University School of Medicine,unknown,"""Kyungpook National University"" (medicine OR pharmacy OR bioscience OR bioengineering) faculty",serpapi_google
Kyungpook National University,knu.ac.kr,College of Pharmacy - Profiles,https://research.knu.ac.kr/en/organisations/college-of-pharmacy/persons/,College of Pharmacy - Profiles,unknown,"""Kyungpook National University"" (medicine OR pharmacy OR bioscience OR bioengineering) faculty",serpapi_google
Kyungpook National University,knu.ac.kr,Kyungpook National University School of Medicine,https://med.knu.ac.kr/eng/sub.htm?nav_code=knu1767943958,Kyungpook National University School of Medicine,unknown,"""Kyungpook National University"" (medicine OR pharmacy OR bioscience OR bioengineering) faculty",serpapi_google
Kyungpook National University,knu.ac.kr,Agricultural Sciences,https://en.knu.ac.kr/research/lab04.htm,Agricultural Sciences,unknown,"""Kyungpook National University"" (medicine OR pharmacy OR bioscience OR bioengineering) faculty",serpapi_google
Kyungpook National University,knu.ac.kr,KNU College of Pharmacy Attains Accreditation Certification,https://en.knu.ac.kr/board/news01.htm?mode=view&mv_data=aWR4PTczNyZzdGFydFBhZ2U9MTQwJmxpc3RObz00MSZ0YWJsZT1jc19iYnNfZGF0YSZjb2RlPWVOZXdzJnNlYXJjaF9pdGVtPSZzZWFyY2hfb3JkZXI9Jm9yZGVyX2xpc3Q9Jmxpc3Rfc2NhbGU9,KNU College of Pharmacy Attains Accreditation Certification,unknown,"""Kyungpook National University"" (medicine OR pharmacy OR bioscience OR bioengineering) faculty",serpapi_google
Kyungpook National University,knu.ac.kr,Biomedical Engineering,http://med.knu.ac.kr/eng/sub.htm?nav_code=knu1767943958&view_cate=&view_cate2=65,Biomedical Engineering,unknown,"""Kyungpook National University"" (medicine OR pharmacy OR bioscience OR bioengineering) faculty",serpapi_google
Kyungpook National University,knu.ac.kr,Basic Sciences,https://en.knu.ac.kr/research/researcher2018_01.htm,Basic Sciences,unknown,"""Kyungpook National University"" (medicine OR pharmacy OR bioscience OR bioengineering) faculty",serpapi_google
Chonnam National University,jnu.ac.kr,전남대학교 의과대학,http://medicine.jnu.ac.kr/,전남대학교 의과대학,yes,"""Chonnam National University"" (의과대학 OR 의학과 OR 약학대학 OR 약학과) 교수진",serpapi_google
Chonnam National University,jnu.ac.kr,국현 > 교수진 | Chonnam National University,https://biomedicine.jnu.ac.kr/en/bbs/board.php?bo_table=about_03&wr_id=17,국현 > 교수진 | Chonnam National University,yes,"""Chonnam National University"" (의과대학 OR 의학과 OR 약학대학 OR 약학과) 교수진",serpapi_google
Chonnam National University,jnu.ac.kr,조혜영교수,https://pharmacy.cha.ac.kr/professor/%EC%A1%B0%ED%98%9C%EC%98%81/,조혜영교수,yes,"""Chonnam National University"" (의과대학 OR 의학과 OR 약학대학 OR 약학과) 교수진",serpapi_google
Chonnam National University,jnu.ac.kr,교수,https://pharmacy.jnu.ac.kr/pharmacy/7160/subview.do,교수,yes,"""Chonnam National University"" (의과대학 OR 의학과 OR 약학대학 OR 약학과) 교수진",serpapi_google
Chonnam National University,jnu.ac.kr,의과학과,https://www.scnu.ac.kr/common/nttFileDownload.do?fileKey=5c4bc3da8b43a7d0ad58f1ca5a939444,의과학과,unknown,"""Chonnam National University"" (의과대학 OR 의학과 OR 약학대학 OR 약학과) 교수진",serpapi_google
Chonnam National University,jnu.ac.kr,교수진 1 페이지 | Chonnam National University,https://biomedicine.jnu.ac.kr/en/bbs/board.php?bo_table=about_03,교수진 1 페이지 | Chonnam National University,yes,"""Chonnam National University"" (생명과학 OR 생명공학 OR 바이오 OR 의생명) 교수진",serpapi_google
Chonnam National University,jnu.ac.kr,금호생명과학연구소 - 전남대학교,http://kumho.chonnam.ac.kr/pagegenerater.asp?catalogid=kumho&language=ko&pagecode=sub2_4,금호생명과학연구소 - 전남대학교,yes,"""Chonnam National University"" (생명과학 OR 생명공학 OR 바이오 OR 의생명) 교수진",serpapi_google
Chonnam National University,jnu.ac.kr,"국립순천대 공동실험실습관, 'AI 디지털바이오테크데이 ...",https://www.scnu.ac.kr/SCNU/na/ntt/selectNttInfo.do?nttSn=281268556,"국립순천대 공동실험실습관, 'AI 디지털바이오테크데이 ...",yes,"""Chonnam National University"" (생명과학 OR 생명공학 OR 바이오 OR 의생명) 교수진",serpapi_google
Chonnam National University,jnu.ac.kr,교수,https://pharmacy.jnu.ac.kr/pharmacy/7160/subview.do?enc=Zm5jdDF8QEB8JTJGcHJvZiUyRnBoYXJtYWN5JTJGMTY3JTJGMjE3MyUyRnZpZXcuZG8lM0Y%3D,교수,yes,"""Chonnam National University"" (medicine OR pharmacy OR bioscience OR bioengineering) faculty",serpapi_google
Chonnam National University,jnu.ac.kr,DEPARTMENTS > Basic Medical Science,http://medicine.jnu.ac.kr/english/xprofessor/index.php?mode=sublist&div1=1&div2=5,DEPARTMENTS > Basic Medical Science,yes,"""Chonnam National University"" (medicine OR pharmacy OR bioscience OR bioengineering) faculty",serpapi_google
Chonnam National University,jnu.ac.kr,Professors,https://biology.jnu.ac.kr/biology_eng/13192/subview.do,Professors,yes,"""Chonnam National University"" (medicine OR pharmacy OR bioscience OR bioengineering) faculty",serpapi_google
Chungnam National University,cnu.ac.kr,교수진 소개 │ 교육 │ GCSP,https://ncc-gcsp.ac.kr/kr_academics/hanwonho.jsp?flag=2,교수진 소개 │ 교육 │ GCSP,yes,"""Chungnam National University"" (생명과학 OR 생명공학 OR 바이오 OR 의생명) 교수진",serpapi_google
Chungnam National University,cnu.ac.kr,민병선,https://pharm.cu.ac.kr/about/professor_view.php?num=11&prf_cate=1,민병선,yes,"""Chungnam National University"" (생명과학 OR 생명공학 OR 바이오 OR 의생명) 교수진",serpapi_google
Chungnam National University,cnu.ac.kr,Medicine > College > Academics > 충남대학교 영문홈페이지,https://plus.cnu.ac.kr/html/en/sub02/sub02_020108.html,Medicine > College > Academics > 충남대학교 영문홈페이지,unknown,"""Chungnam National University"" (medicine OR pharmacy OR bioscience OR bioengineering) faculty",serpapi_google
Chungnam National University,cnu.ac.kr,Alumni,http://bilab.snu.ac.kr/members/alumni,Alumni,yes,"""Chungnam National University"" (medicine OR pharmacy OR bioscience OR bioengineering) faculty",serpapi_google
Chungnam National University,cnu.ac.kr,Dept. of Pharmacy,https://pharm.chungbuk.ac.kr/app/index_eng.html?pg_idx=117,Dept. of Pharmacy,unknown,"""Chungnam National University"" (medicine OR pharmacy OR bioscience OR bioengineering) faculty",serpapi_google
Jeonbuk National University,jbnu.ac.kr,전북대학교 약학대학,https://pharmacy.jbnu.ac.kr/,전북대학교 약학대학,yes,"""Jeonbuk National University"" (의과대학 OR 의학과 OR 약학대학 OR 약학과) 교수진",serpapi_google
Jeonbuk National University,jbnu.ac.kr,약학대학 교수진 일동 발전기금 기증식 - 전북대학교,https://moak.chonbuk.ac.kr/web/Board/88445/detailView.do?menu=,약학대학 교수진 일동 발전기금 기증식 - 전북대학교,yes,"""Jeonbuk National University"" (의과대학 OR 의학과 OR 약학대학 OR 약학과) 교수진",serpapi_google
Jeonbuk National University,jbnu.ac.kr,전임교원,https://pharmacy.jbnu.ac.kr/pharmacy/31689/subview.do,전임교원,yes,"""Jeonbuk National University"" (의과대학 OR 의학과 OR 약학대학 OR 약학과) 교수진",serpapi_google
Jeonbuk National University,jbnu.ac.kr,생명과학과,https://bio.jbnu.ac.kr/,생명과학과,yes,"""Jeonbuk National University"" (생명과학 OR 생명공학 OR 바이오 OR 의생명) 교수진",serpapi_google
Jeonbuk National University,jbnu.ac.kr,생명공학부,https://bio-tech.jbnu.ac.kr/,생명공학부,yes,"""Jeonbuk National University"" (생명과학 OR 생명공학 OR 바이오 OR 의생명) 교수진",serpapi_google
Jeonbuk National University,jbnu.ac.kr,생명과학부(분자생물학) - 자연과학대학 - 전북대학교,https://natural.jbnu.ac.kr/natural/8315/subview.do,생명과학부(분자생물학) - 자연과학대학 - 전북대학교,yes,"""Jeonbuk National University"" (생명과학 OR 생명공학 OR 바이오 OR 의생명) 교수진",serpapi_google
Jeonbuk National University,jbnu.ac.kr,Professors,https://top.jbnu.ac.kr/pharmacyeng/24014/subview.do,Professors,yes,"""Jeonbuk National University"" (medicine OR pharmacy OR bioscience OR bioengineering) faculty",serpapi_google
Jeonbuk National University,jbnu.ac.kr,School of Pharmacy,https://top.jbnu.ac.kr/sites/pharmacyeng/index.do,School of Pharmacy,unknown,"""Jeonbuk National University"" (medicine OR pharmacy OR bioscience OR bioengineering) faculty",serpapi_google
Jeonbuk National University,jbnu.ac.kr,Jeonbuk National University (JBNU) School of Pharmacy and ...,https://moak.chonbuk.ac.kr/en/Board/216525/detailView.do,Jeonbuk National University (JBNU) School of Pharmacy and ...,unknown,"""Jeonbuk National University"" (medicine OR pharmacy OR bioscience OR bioengineering) faculty",serpapi_google
Jeonbuk National University,jbnu.ac.kr,Medical School,https://top.jbnu.ac.kr/medeng/index..do,Medical School,unknown,"""Jeonbuk National University"" (medicine OR pharmacy OR bioscience OR bioengineering) faculty",serpapi_google
Jeonbuk National University,jbnu.ac.kr,Jeonbuk National University (JBNU) Fulfills 30-Year Aspiration ...,https://www.ju.ac.kr/en/Board/204646/detailView.do,Jeonbuk National University (JBNU) Fulfills 30-Year Aspiration ...,unknown,"""Jeonbuk National University"" (medicine OR pharmacy OR bioscience OR bioengineering) faculty",serpapi_google
Kangwon National University,kangwon.ac.kr,교수 | 약학대학 - CMS관리자지원홈페이지 - 강원대학교,https://cms.kangwon.ac.kr/pharmacy/professor/professor.do,교수 | 약학대학 - CMS관리자지원홈페이지 - 강원대학교,yes,"""Kangwon National University"" (의과대학 OR 의학과 OR 약학대학 OR 약학과) 교수진",serpapi_google
Kangwon National University,kangwon.ac.kr,약학대학 - CMS관리자지원홈페이지 - 강원대학교,https://cms.kangwon.ac.kr/pharmacy/index.do,약학대학 - CMS관리자지원홈페이지 - 강원대학교,unknown,"""Kangwon National University"" (의과대학 OR 의학과 OR 약학대학 OR 약학과) 교수진",serpapi_google
Kangwon National University,kangwon.ac.kr,대학소개 > 연혁 게시판목록 | 약학대학,https://cms.kangwon.ac.kr/pharmacy/intro/history.do?mode=list&article.offset=0,대학소개 > 연혁 게시판목록 | 약학대학,yes,"""Kangwon National University"" (의과대학 OR 의학과 OR 약학대학 OR 약학과) 교수진",serpapi_google
Kangwon National University,kangwon.ac.kr,국가균형발전과 함께 합니다 - Korea NU10,https://web.jnu.ac.kr/pr/pdf/KoreaNU10_vol24.pdf,국가균형발전과 함께 합니다 - Korea NU10,yes,"""Kangwon National University"" (의과대학 OR 의학과 OR 약학대학 OR 약학과) 교수진",serpapi_google
Kangwon National University,kangwon.ac.kr,인천대학교,https://www.inu.ac.kr/,인천대학교,yes,"""Kangwon National University"" (생명과학 OR 생명공학 OR 바이오 OR 의생명) 교수진",serpapi_google
Kangwon National University,kangwon.ac.kr,한국외국어대학교,https://www.hufs.ac.kr/,한국외국어대학교,yes,"""Kangwon National University"" (생명과학 OR 생명공학 OR 바이오 OR 의생명) 교수진",serpapi_google
Kangwon National University,kangwon.ac.kr,College of Medicine · Graduate School of Medicine,https://cms.kangwon.ac.kr/smed_en/index.do,College of Medicine · Graduate School of Medicine,yes,"""Kangwon National University"" (medicine OR pharmacy OR bioscience OR bioengineering) faculty",serpapi_google
Kangwon National University,kangwon.ac.kr,Division of Food Biotechnology and Biosystems Engineering,https://cms.kangwon.ac.kr/knucals/english/cals002.do,Division of Food Biotechnology and Biosystems Engineering,unknown,"""Kangwon National University"" (medicine OR pharmacy OR bioscience OR bioengineering) faculty",serpapi_google
Kangwon National University,kangwon.ac.kr,School of Medicine - CMS관리자지원홈페이지 - 강원대학교,https://cms.kangwon.ac.kr/smed_en/intro/preclinical-medicine07.do,School of Medicine - CMS관리자지원홈페이지 - 강원대학교,yes,"""Kangwon National University"" (medicine OR pharmacy OR bioscience OR bioengineering) faculty",serpapi_google
Kangwon National University,kangwon.ac.kr,Location | College of Medicine · Graduate School ...,https://cms.kangwon.ac.kr/smed_en/intro/location.do,Location | College of Medicine · Graduate School ...,yes,"""Kangwon National University"" (medicine OR pharmacy OR bioscience OR bioengineering) faculty",serpapi_google
Kangwon National University,kangwon.ac.kr,Department of Applied Plant Sciences | 농업생명과학대학,https://cms.kangwon.ac.kr/knucals/english/cals003.do,Department of Applied Plant Sciences | 농업생명과학대학,unknown,"""Kangwon National University"" (medicine OR pharmacy OR bioscience OR bioengineering) faculty",serpapi_google
Kangwon National University,kangwon.ac.kr,School of Natural Resources and Environmental Science,https://cms.kangwon.ac.kr/knucals/english/cals008.do,School of Natural Resources and Environmental Science,unknown,"""Kangwon National University"" (medicine OR pharmacy OR bioscience OR bioengineering) faculty",serpapi_google
Kangwon National University,kangwon.ac.kr,Health Big Data Laboratory | College of Medicine,https://cms.kangwon.ac.kr/smed_en/research/lab04.do,Health Big Data Laboratory | College of Medicine,unknown,"""Kangwon National University"" (medicine OR pharmacy OR bioscience OR bioengineering) faculty",serpapi_google
Kangwon National University,kangwon.ac.kr,Introduction | 농업생명과학대학 - CMS관리자지원홈페이지,https://cms.kangwon.ac.kr/knucals/english/intro.do,Introduction | 농업생명과학대학 - CMS관리자지원홈페이지,yes,"""Kangwon National University"" (medicine OR pharmacy OR bioscience OR bioengineering) faculty",serpapi_google
Jeju National University,jejunu.ac.kr,인사말 - 제주대학교 약학대학,https://pharmacy.jejunu.ac.kr/pharmacy/intro.htm,인사말 - 제주대학교 약학대학,yes,"""Jeju National University"" (의과대학 OR 의학과 OR 약학대학 OR 약학과) 교수진",serpapi_google
Jeju National University,jejunu.ac.kr,게시판 - 제주대학교 바이오메디컬정보학과,https://biomedical.jejunu.ac.kr/biomedical/index/community/board.htm?page=2,게시판 - 제주대학교 바이오메디컬정보학과,yes,"""Jeju National University"" (의과대학 OR 의학과 OR 약학대학 OR 약학과) 교수진",serpapi_google
POSTECH,postech.ac.kr,"포스텍, 의과학대학원 만든다 - 포스텍 융합대학원",https://gscst.postech.ac.kr/web/?section=&top=community&sub=news&tab=&category=&state=&item=&keyword=&present_group_num=3&present_page_num=26&key=detail&code=150,"포스텍, 의과학대학원 만든다 - 포스텍 융합대학원",yes,"""POSTECH"" (의과대학 OR 의학과 OR 약학대학 OR 약학과) 교수진",serpapi_google
POSTECH,postech.ac.kr,우리대학 의과학대학원 설립 - 포항공대신문,https://times.postech.ac.kr/news/articleView.html?idxno=21694,우리대학 의과학대학원 설립 - 포항공대신문,yes,"""POSTECH"" (의과대학 OR 의학과 OR 약학대학 OR 약학과) 교수진",serpapi_google
POSTECH,postech.ac.kr,"에스포항병원, 4월 SSGC에 김주한 서울의대교수 초청",https://gscst.postech.ac.kr/web/?section=&top=community&sub=news&tab=&category=&state=&item=&keyword=&present_group_num=1&present_page_num=8&key=detail&code=601,"에스포항병원, 4월 SSGC에 김주한 서울의대교수 초청",yes,"""POSTECH"" (의과대학 OR 의학과 OR 약학대학 OR 약학과) 교수진",serpapi_google
POSTECH,postech.ac.kr,연구실 | 포항공과대학교 의공학과 BME - IT융합공학과,https://cite.postech.ac.kr/sub4_2_l.php,연구실 | 포항공과대학교 의공학과 BME - IT융합공학과,unknown,"""POSTECH"" (의과대학 OR 의학과 OR 약학대학 OR 약학과) 교수진",serpapi_google
POSTECH,postech.ac.kr,전임교수 - 포항공과대학교 생명과학과,https://life.postech.ac.kr/html/professor/professor01.php,전임교수 - 포항공과대학교 생명과학과,yes,"""POSTECH"" (생명과학 OR 생명공학 OR 바이오 OR 의생명) 교수진",serpapi_google
POSTECH,postech.ac.kr,포항공과대학교 생명과학과 - 포스텍,https://life.postech.ac.kr/html/main/main.php,포항공과대학교 생명과학과 - 포스텍,yes,"""POSTECH"" (생명과학 OR 생명공학 OR 바이오 OR 의생명) 교수진",serpapi_google
POSTECH,postech.ac.kr,명예교수 - 포항공과대학교 생명과학과 - 포스텍,https://life.postech.ac.kr/html/professor/professor03.php,명예교수 - 포항공과대학교 생명과학과 - 포스텍,yes,"""POSTECH"" (생명과학 OR 생명공학 OR 바이오 OR 의생명) 교수진",serpapi_google
POSTECH,postech.ac.kr,[유주연 교수님] 생체 방어 메커니즘으로 들여다보는 신개념 유전자,https://life.postech.ac.kr/html/about/intro_video.php?mode=view&no=21&page_num=2,[유주연 교수님] 생체 방어 메커니즘으로 들여다보는 신개념 유전자,yes,"""POSTECH"" (생명과학 OR 생명공학 OR 바이오 OR 의생명) 교수진",serpapi_google
POSTECH,postech.ac.kr,학과 행정 - 포항공과대학교 생명과학과,https://life.postech.ac.kr/html/about/admin_staff.php,학과 행정 - 포항공과대학교 생명과학과,yes,"""POSTECH"" (생명과학 OR 생명공학 OR 바이오 OR 의생명) 교수진",serpapi_google
POSTECH,postech.ac.kr,생명과학과 고아라 교수님 인터뷰_포스테키안,https://life.postech.ac.kr/html/about/intro_video.php?mode=view&no=5&page_num=1,생명과학과 고아라 교수님 인터뷰_포스테키안,yes,"""POSTECH"" (생명과학 OR 생명공학 OR 바이오 OR 의생명) 교수진",serpapi_google
POSTECH,postech.ac.kr,김민성 부교수 - 전임교수 | 포항공과대학교 생명과학과,https://life.postech.ac.kr/html/professor/professor01.php?mode=view&idx=4,김민성 부교수 - 전임교수 | 포항공과대학교 생명과학과,yes,"""POSTECH"" (생명과학 OR 생명공학 OR 바이오 OR 의생명) 교수진",serpapi_google
POSTECH,postech.ac.kr,학과소개 - 포항공과대학교 생명과학과,https://life.postech.ac.kr/html/about/intro.php,학과소개 - 포항공과대학교 생명과학과,yes,"""POSTECH"" (생명과학 OR 생명공학 OR 바이오 OR 의생명) 교수진",serpapi_google
KAIST,kaist.ac.kr,의학과 - 연세대학교 의과대학,https://medicine.yonsei.ac.kr/medicine/education/graduate/medical.do,의학과 - 연세대학교 의과대학,yes,"""KAIST"" (의과대학 OR 의학과 OR 약학대학 OR 약학과) 교수진",serpapi_google
KAIST,kaist.ac.kr,재활의학과 | 이화여자대학교 의과대학 부속 서울병원,https://seoul.eumc.ac.kr/medical/dept/deptDoctor.do?dept_cd=JRH&grp_yn=N,재활의학과 | 이화여자대학교 의과대학 부속 서울병원,yes,"""KAIST"" (의과대학 OR 의학과 OR 약학대학 OR 약학과) 교수진",serpapi_google
KAIST,kaist.ac.kr,응급의학과 - 순천향대학교 부천병원,https://www.schmc.ac.kr/bucheon/dept/intrcn.do?key=1855,응급의학과 - 순천향대학교 부천병원,yes,"""KAIST"" (의과대학 OR 의학과 OR 약학대학 OR 약학과) 교수진",serpapi_google
KAIST,kaist.ac.kr,약학대학·약학과,https://www.scnu.ac.kr/pharm/main.do,약학대학·약학과,yes,"""KAIST"" (의과대학 OR 의학과 OR 약학대학 OR 약학과) 교수진",serpapi_google
KAIST,kaist.ac.kr,진료과/전문센터 - 직업환경의학과,https://yumc.ac.kr/medical/main.do?clubid=AWE812EE,진료과/전문센터 - 직업환경의학과,unknown,"""KAIST"" (의과대학 OR 의학과 OR 약학대학 OR 약학과) 교수진",serpapi_google
KAIST,kaist.ac.kr,KAIST 생명과학과 > 전임교수 - 카이스트,https://bio.kaist.ac.kr/index.do?menuSeq=2767,KAIST 생명과학과 > 전임교수 - 카이스트,yes,"""KAIST"" (생명과학 OR 생명공학 OR 바이오 OR 의생명) 교수진",serpapi_google
KAIST,kaist.ac.kr,KAIST 생명과학과,https://bio.kaist.ac.kr/,KAIST 생명과학과,yes,"""KAIST"" (생명과학 OR 생명공학 OR 바이오 OR 의생명) 교수진",serpapi_google
KAIST,kaist.ac.kr,교수진 - 바이오및뇌공학과 - 카이스트,https://bioeng.kaist.ac.kr/index.php?mid=bio_03_01&category=8951,교수진 - 바이오및뇌공학과 - 카이스트,yes,"""KAIST"" (생명과학 OR 생명공학 OR 바이오 OR 의생명) 교수진",serpapi_google
KAIST,kaist.ac.kr,KAIST 생명과학과 > 겸임·초빙 교수 - 카이스트,https://bio.kaist.ac.kr/index.do?menuSeq=3346,KAIST 생명과학과 > 겸임·초빙 교수 - 카이스트,yes,"""KAIST"" (생명과학 OR 생명공학 OR 바이오 OR 의생명) 교수진",serpapi_google
KAIST,kaist.ac.kr,전상용 - KAIST 생명과학과 > 전임교수 - 카이스트,https://bio.kaist.ac.kr/doc/ko/selectDoc.do?docSeq=9724&menuSeq=3344&bbsSeq=120,전상용 - KAIST 생명과학과 > 전임교수 - 카이스트,yes,"""KAIST"" (생명과학 OR 생명공학 OR 바이오 OR 의생명) 교수진",serpapi_google
KAIST,kaist.ac.kr,김재훈 - KAIST 생명과학과 > 전임교수 - 카이스트,https://bio.kaist.ac.kr/doc/ko/selectDoc.do?docSeq=9729&menuSeq=3344&bbsSeq=120,김재훈 - KAIST 생명과학과 > 전임교수 - 카이스트,yes,"""KAIST"" (생명과학 OR 생명공학 OR 바이오 OR 의생명) 교수진",serpapi_google
KAIST,kaist.ac.kr,KAIST 생명과학과 > 연구센터 - 카이스트,https://bio.kaist.ac.kr/index.do?menuSeq=2870,KAIST 생명과학과 > 연구센터 - 카이스트,yes,"""KAIST"" (생명과학 OR 생명공학 OR 바이오 OR 의생명) 교수진",serpapi_google
KAIST,kaist.ac.kr,김상규 교수 [2024 경암바이오유스 캠프] 사막 위 식물 그리고 학자,https://eb.kaist.ac.kr/bbs/board.php?bo_table=sub5_2&wr_id=22,김상규 교수 [2024 경암바이오유스 캠프] 사막 위 식물 그리고 학자,yes,"""KAIST"" (생명과학 OR 생명공학 OR 바이오 OR 의생명) 교수진",serpapi_google
KAIST,kaist.ac.kr,Department of Biological Sciences,https://pure.kaist.ac.kr/en/organisations/department-of-biological-sciences/,Department of Biological Sciences,unknown,"""KAIST"" (medicine OR pharmacy OR bioscience OR bioengineering) faculty",serpapi_google
KAIST,kaist.ac.kr,College of Life Science and Bioengineering,https://pure.kaist.ac.kr/en/organisations/college-of-life-science-and-bioengineering/,College of Life Science and Bioengineering,unknown,"""KAIST"" (medicine OR pharmacy OR bioscience OR bioengineering) faculty",serpapi_google
KAIST,kaist.ac.kr,Department of Biological Science,https://www.kaist.ac.kr/newsen/html/news/?skey=department&sval=Department+of+Biological+Science,Department of Biological Science,unknown,"""KAIST"" (medicine OR pharmacy OR bioscience OR bioengineering) faculty",serpapi_google
UNIST,unist.ac.kr,한동윤 – 페이지 2 – UNIST,https://bme.unist.ac.kr/author/dyha/page/2/,한동윤 – 페이지 2 – UNIST,yes,"""UNIST"" (의과대학 OR 의학과 OR 약학대학 OR 약학과) 교수진",serpapi_google
UNIST,unist.ac.kr,전임교수 - 유성구 - 인문사회과학부 - 카이스트,https://hss.kaist.ac.kr/boards/view/fulltime_professor/103,전임교수 - 유성구 - 인문사회과학부 - 카이스트,yes,"""UNIST"" (의과대학 OR 의학과 OR 약학대학 OR 약학과) 교수진",serpapi_google
UNIST,unist.ac.kr,members 함께 연구하는 사람들,https://pharm.cau.ac.kr/professor/p04.php?p_pfno=95,members 함께 연구하는 사람들,yes,"""UNIST"" (의과대학 OR 의학과 OR 약학대학 OR 약학과) 교수진",serpapi_google
UNIST,unist.ac.kr,울산대학교 의과대학,https://med.ulsan.ac.kr/,울산대학교 의과대학,yes,"""UNIST"" (의과대학 OR 의학과 OR 약학대학 OR 약학과) 교수진",serpapi_google
UNIST,unist.ac.kr,"""의료 현장 난제, AI로 푼다"" UNIST·서울아산병원 공동세미나 ...",https://adm-g.unist.ac.kr/unist/center/news.do?mode=view&articleNo=301845&referer=/cse/research/result.do,"""의료 현장 난제, AI로 푼다"" UNIST·서울아산병원 공동세미나 ...",yes,"""UNIST"" (의과대학 OR 의학과 OR 약학대학 OR 약학과) 교수진",serpapi_google
UNIST,unist.ac.kr,조윤경,https://bme.unist.ac.kr/%EC%A1%B0%EC%9C%A4%EA%B2%BD/?p_num=3,조윤경,yes,"""UNIST"" (생명과학 OR 생명공학 OR 바이오 OR 의생명) 교수진",serpapi_google
UNIST,unist.ac.kr,뉴스 – 페이지 3 – UNIST,https://bme.unist.ac.kr/news/page/3/,뉴스 – 페이지 3 – UNIST,yes,"""UNIST"" (생명과학 OR 생명공학 OR 바이오 OR 의생명) 교수진",serpapi_google
UNIST,unist.ac.kr,강현욱,https://bme.unist.ac.kr/%EA%B0%95%ED%98%84%EC%9A%B1/,강현욱,yes,"""UNIST"" (생명과학 OR 생명공학 OR 바이오 OR 의생명) 교수진",serpapi_google
UNIST,unist.ac.kr,이세민,https://bme.unist.ac.kr/%EC%9D%B4%EC%84%B8%EB%AF%BC/,이세민,yes,"""UNIST"" (생명과학 OR 생명공학 OR 바이오 OR 의생명) 교수진",serpapi_google
UNIST,unist.ac.kr,"유방암, 패혈증 잡는 생명과학자 되겠습니다",https://bme.unist.ac.kr/%EC%9C%A0%EB%B0%A9%EC%95%94-%ED%8C%A8%ED%98%88%EC%A6%9D-%EC%9E%A1%EB%8A%94-%EC%83%9D%EB%AA%85%EA%B3%BC%ED%95%99%EC%9E%90-%EB%90%98%EA%B2%A0%EC%8A%B5%EB%8B%88%EB%8B%A4/,"유방암, 패혈증 잡는 생명과학자 되겠습니다",yes,"""UNIST"" (생명과학 OR 생명공학 OR 바이오 OR 의생명) 교수진",serpapi_google
UNIST,unist.ac.kr,KAIST 생명과학과 > News - 카이스트,https://bio.kaist.ac.kr/doc/ko/selectDoc.do?docSeq=20498&menuSeq=3362&bbsSeq=114,KAIST 생명과학과 > News - 카이스트,yes,"""UNIST"" (생명과학 OR 생명공학 OR 바이오 OR 의생명) 교수진",serpapi_google
UNIST,unist.ac.kr,Clinic & Pharmacy - 유니스트 헬스케어센터,https://healthcare.unist.ac.kr/en/introduce/clinic/,Clinic & Pharmacy - 유니스트 헬스케어센터,unknown,"""UNIST"" (medicine OR pharmacy OR bioscience OR bioengineering) faculty",serpapi_google
UNIST,unist.ac.kr,연구시설,https://bme.unist.ac.kr/facilities/,연구시설,unknown,"""UNIST"" (medicine OR pharmacy OR bioscience OR bioengineering) faculty",serpapi_google
UNIST,unist.ac.kr,Jeong-Beom Kim – UNIST,https://bme.unist.ac.kr/eng/jeong-beom-kim/,Jeong-Beom Kim – UNIST,yes,"""UNIST"" (medicine OR pharmacy OR bioscience OR bioengineering) faculty",serpapi_google
UNIST,unist.ac.kr,UNIST and U of U College of Medicine Forge Partnership to ...,https://hst.unist.ac.kr/unist/center/news-en.do?mode=view&articleNo=238044&referer=/hst/about-us/hst-highlights.do,UNIST and U of U College of Medicine Forge Partnership to ...,unknown,"""UNIST"" (medicine OR pharmacy OR bioscience OR bioengineering) faculty",serpapi_google
GIST,gist.ac.kr,의생명공학과,https://bmse.gist.ac.kr/,의생명공학과,unknown,"""GIST"" (의과대학 OR 의학과 OR 약학대학 OR 약학과) 교수진",serpapi_google
GIST,gist.ac.kr,K-MediST 지원 MIRACLE 사업단 (전남대학교 & GIST) 출범 ...,http://medicine.jnu.ac.kr/xboard/board.php?mode=view&number=36012&page=1&tbnum=24,K-MediST 지원 MIRACLE 사업단 (전남대학교 & GIST) 출범 ...,yes,"""GIST"" (의과대학 OR 의학과 OR 약학대학 OR 약학과) 교수진",serpapi_google
GIST,gist.ac.kr,전남대학교 대학원 의학과 MAXIIMUM 프로그램 참여자 모집 공모,http://medicine.chonnam.ac.kr/xboard/board.php?mode=view&number=32759&tbnum=16&sCat=0&page=8&keyset=&searchword=,전남대학교 대학원 의학과 MAXIIMUM 프로그램 참여자 모집 공모,yes,"""GIST"" (의과대학 OR 의학과 OR 약학대학 OR 약학과) 교수진",serpapi_google
GIST,gist.ac.kr,전임교수 > 구성원 > - 생명과학과 - 광주과학기술원,https://life.gist.ac.kr/prog/gsMember/life/P/Faculty/sub05_01_01/list.do,전임교수 > 구성원 > - 생명과학과 - 광주과학기술원,yes,"""GIST"" (생명과학 OR 생명공학 OR 바이오 OR 의생명) 교수진",serpapi_google
GIST,gist.ac.kr,생명과학과,https://life.gist.ac.kr/,생명과학과,yes,"""GIST"" (생명과학 OR 생명공학 OR 바이오 OR 의생명) 교수진",serpapi_google
GIST,gist.ac.kr,전임교수 > 구성원 > - 화학과 - 광주과학기술원,https://chem.gist.ac.kr/prog/gsMember/chem/P/Faculty/sub05_01_01/list.do,전임교수 > 구성원 > - 화학과 - 광주과학기술원,yes,"""GIST"" (생명과학 OR 생명공학 OR 바이오 OR 의생명) 교수진",serpapi_google
