openalex_id,display_name,current_affiliation,shared_paper_count,seed_connection_count,connected_seed_professor_ids,web_title,web_url,auto_confidence,auto_reason,triage_tier
A5100429324,Sung‐Hoon Kim,Biocon (Switzerland); Yonsei University; Kyung Hee University; Gangnam Severance Hospital,195,36,P0020; P0025; P0028; P0029; P0031; P0040; P0057; P0083; P0090; P0093; P0098; P0100; P0102; P0107; P0201; P0203; P0209; P0211; P0216; P0236; P0252; P0253; P0254; P0255; P0284; P0285; P0291; P0332; P0337; P0364; P0481; P0486; P0540; P0564; P0589; P0615,,,0.82,"strong network signal, but no explicit professor title evidence",A_review_first
A5033254577,Sun Hee Sung,Ewha Womans University; Ewha Womans University Mokdong Hospital,70,33,P0285; P0317; P0319; P0322; P0325; P0326; P0342; P0343; P0349; P0350; P0354; P0355; P0359; P0365; P0368; P0376; P0384; P0393; P0394; P0403; P0407; P0408; P0409; P0414; P0422; P0428; P0434; P0435; P0440; P0442; P0444; P0445; P0456,,,0.82,"strong network signal, but no explicit professor title evidence",A_review_first
A5100335103,Young Ho Kim,Chungnam National University; Material Physics Center; Naval Research Laboratory Materials Science and Technology Division,53,29,P0028; P0038; P0040; P0042; P0050; P0055; P0060; P0090; P0114; P0145; P0205; P0214; P0232; P0278; P0306; P0312; P0346; P0349; P0358; P0371; P0384; P0445; P0447; P0471; P0484; P0597; P0625; P0682; P0684,,,0.82,"strong network signal, but no explicit professor title evidence",A_review_first
A5039821208,Eun‐Hee Ha,Ewha Womans University; Ewha Womans University Medical Center,157,28,P0079; P0317; P0319; P0327; P0334; P0335; P0337; P0347; P0349; P0351; P0354; P0364; P0365; P0391; P0393; P0407; P0408; P0409; P0422; P0424; P0430; P0434; P0438; P0444; P0446; P0453; P0517; P0573,,,0.82,"strong network signal, but no explicit professor title evidence",A_review_first
A5089673584,Sung-Ae Jung,Ewha Womans University,209,27,P0201; P0317; P0319; P0330; P0351; P0355; P0356; P0359; P0361; P0368; P0384; P0388; P0393; P0408; P0424; P0428; P0444; P0445; P0446; P0453; P0457; P0482; P0509; P0562; P0596; P0597; P0620,,,0.82,"strong network signal, but no explicit professor title evidence",A_review_first
A5100608883,Kyung‐Hee Kim,Florida State University; Kookmin University; Emory University; Chungnam National University; Korea Polar Research Institute; Ajou University,60,26,P0007; P0040; P0042; P0057; P0090; P0097; P0161; P0211; P0250; P0256; P0257; P0265; P0332; P0342; P0359; P0365; P0404; P0422; P0439; P0444; P0456; P0499; P0525; P0538; P0605; P0609,,,0.82,"strong network signal, but no explicit professor title evidence",A_review_first
A5100345275,Young‐Hoon Kim,California Institute of Technology; Seoul National University; Korea Advanced Institute of Science and Technology; George Mason University; Inha University; Yonsei University; Korea University; Korea University Medical Center; Korea Aerospace Research Institute; LG (United States); Kyungpook National University; LG (South Korea); The Catholic University of Korea Seoul St. Mary's Hospital; Korea University; Korea University Anam Hospital; Sungkyunkwan University,35,26,P0007; P0012; P0013; P0043; P0060; P0064; P0071; P0090; P0102; P0123; P0172; P0205; P0214; P0337; P0342; P0399; P0434; P0474; P0494; P0550; P0562; P0563; P0600; P0631; P0666; P0681,,,0.82,"strong network signal, but no explicit professor title evidence",A_review_first
A5047459123,Min-Sun Cho,Ewha Womans University; Ewha Womans University Medical Center; Ewha Womans University Mokdong Hospital; Ewha Womans University Seoul Hospital; Korea Advanced Institute of Science and Technology; Yonsei University,46,25,P0326; P0350; P0355; P0356; P0359; P0364; P0371; P0384; P0388; P0393; P0408; P0409; P0428; P0429; P0436; P0441; P0442; P0444; P0445; P0449; P0453; P0456; P0526; P0609; P0631,,,0.82,"strong network signal, but no explicit professor title evidence",A_review_first
A5100363762,Ho Kim,Ulsan College; Gachon University; University of Minnesota; Seoul National University; Gyeongsang National University; Inha University; Yonsei University; Chungnam National University; Asan Medical Center; University of Ulsan; National Cancer Center; Pusan National University; National Institute of Environmental Research; Sungkyunkwan University,45,25,P0007; P0028; P0030; P0034; P0036; P0053; P0057; P0135; P0142; P0153; P0154; P0277; P0317; P0332; P0334; P0337; P0365; P0407; P0438; P0446; P0504; P0559; P0573; P0582; P0669,,,0.82,"strong network signal, but no explicit professor title evidence",A_review_first
A5100694945,Seong‐Eun Kim,Ewha Womans University; Chosun University; Seoul National University Bundang Hospital; Ewha Womans University Mokdong Hospital,198,25,P0007; P0257; P0319; P0330; P0355; P0356; P0359; P0384; P0388; P0393; P0409; P0418; P0424; P0428; P0442; P0444; P0445; P0446; P0453; P0482; P0532; P0535; P0597; P0615; P0620,,,0.82,"strong network signal, but no explicit professor title evidence",A_review_first
A5033086793,Sang Kook Lee,Ulsan College; Seoul National University; Yonsei University; Severance Hospital; Asan Medical Center; Samsung Medical Center; New Generation University College; University of Ulsan; National University; Pusan National University Hospital; National University College; Sungkyunkwan University,118,25,P0028; P0032; P0034; P0035; P0036; P0038; P0040; P0042; P0044; P0055; P0056; P0057; P0079; P0205; P0211; P0216; P0231; P0284; P0295; P0357; P0430; P0486; P0492; P0564; P0625,,,0.82,"strong network signal, but no explicit professor title evidence",A_review_first
A5025505694,Dong‐Ryeol Ryu,Kangwon National University Hospital,57,25,P0064; P0205; P0317; P0319; P0326; P0330; P0345; P0346; P0349; P0359; P0364; P0366; P0379; P0383; P0388; P0400; P0408; P0416; P0421; P0430; P0434; P0438; P0446; P0447; P0668,,,0.5,manual review needed,A_review_first
A5030505336,Hye Ah Lee,Ewha Womans University; Ewha Womans University Mokdong Hospital,83,24,P0130; P0317; P0319; P0322; P0325; P0337; P0345; P0354; P0365; P0379; P0380; P0384; P0394; P0407; P0414; P0416; P0427; P0428; P0435; P0438; P0445; P0446; P0453; P0454,,,0.82,"strong network signal, but no explicit professor title evidence",A_review_first
A5008363538,Inho Jo,Ewha Womans University; Sangmyung University; Korea Maritime and Ocean University; Korean Register (South Korea),66,24,P0090; P0192; P0277; P0317; P0325; P0332; P0337; P0349; P0358; P0361; P0364; P0368; P0379; P0383; P0384; P0393; P0403; P0416; P0422; P0428; P0445; P0447; P0456; P0604,,,0.82,"strong network signal, but no explicit professor title evidence",A_review_first
A5100438953,Hyun Soo Kim,Ansan University; Kyung Hee University; Korea Research Institute of Chemical Technology,44,24,P0025; P0028; P0030; P0057; P0075; P0079; P0123; P0246; P0249; P0250; P0275; P0306; P0326; P0332; P0337; P0384; P0403; P0484; P0498; P0500; P0518; P0531; P0550; P0597,,,0.82,"strong network signal, but no explicit professor title evidence",A_review_first
A5069050806,Seock‐Ah Im,Seoul National University; Seoul National University Hospital,102,24,P0028; P0029; P0040; P0057; P0075; P0079; P0114; P0115; P0253; P0337; P0350; P0354; P0355; P0384; P0393; P0414; P0428; P0449; P0453; P0456; P0498; P0588; P0594; P0605,,,0.82,"strong network signal, but no explicit professor title evidence",A_review_first
A5100689633,Kim Ys,Seoul National University; Chungnam National University; Seoul National University Hospital; Soonchunhyang University Hospital Cheonan; Pulmonary and Critical Care Associates,66,23,P0004; P0006; P0007; P0023; P0028; P0034; P0071; P0075; P0153; P0172; P0200; P0266; P0317; P0346; P0347; P0357; P0444; P0489; P0605; P0615; P0639; P0673; P0674,,,0.82,"strong network signal, but no explicit professor title evidence",A_review_first
A5057807816,Je Kyung Seong,Seoul National University; Cancer Research Institute; Creative Research; National University College; Research Institute for Veterinary Science,44,23,P0011; P0028; P0032; P0033; P0034; P0036; P0040; P0091; P0115; P0141; P0157; P0257; P0267; P0277; P0279; P0291; P0337; P0357; P0404; P0414; P0451; P0496; P0498,,,0.82,"strong network signal, but no explicit professor title evidence",A_review_first
A5018197382,Bom Sahn Kim,Ewha Womans University; Ewha Womans University Medical Center,77,22,P0123; P0233; P0318; P0325; P0330; P0338; P0346; P0349; P0354; P0359; P0364; P0366; P0384; P0388; P0399; P0400; P0405; P0414; P0428; P0445; P0526; P0534,,,0.82,"strong network signal, but no explicit professor title evidence",A_review_first
A5064042428,Kyoung Ae Kong,Ewha Womans University,50,22,P0319; P0325; P0330; P0334; P0337; P0341; P0364; P0365; P0384; P0409; P0424; P0428; P0431; P0438; P0444; P0446; P0453; P0458; P0526; P0582; P0590; P0644,,,0.82,"strong network signal, but no explicit professor title evidence",A_review_first
A5100757543,Soo Hyun Lee,Palo Alto University; Korea University Medical Center; Kyung Hee University; Union Hospital; Korea University; Korea University Anam Hospital; Dong-A University; Smith-Kettlewell Eye Research Institute; Stanford University,47,22,P0006; P0013; P0016; P0028; P0040; P0058; P0079; P0086; P0250; P0253; P0349; P0389; P0394; P0456; P0457; P0474; P0482; P0487; P0550; P0601; P0603; P0631,,,0.82,"strong network signal, but no explicit professor title evidence",A_review_first
A5101968025,Yong Wook Kim,"Inje University; Chonnam National University; Ulsan College; University of Southern California; Ministry of Food and Drug Safety; Daejeon University; Pohang University of Science and Technology; Microsoft (United States); Georgia Institute of Technology; Beth Israel Deaconess Medical Center; Jet Propulsion Laboratory; Harvard University; Ewha Womans University; Seoul National University; Hanbat National University; Incheon National University; Hallym University; University of Alberta; Korea Atomic Energy Research Institute; Korea Advanced Institute of Science and Technology; University of Illinois Urbana-Champaign; Kwangwoon University; University of California, Los Angeles; Chungbuk National University; Kangwon National University; Daegu Gyeongbuk Institute of Science and Technology; Yonsei University; Chungnam National University; Korea University; Samsung (South Korea); Korea Aerospace University; University of Michigan; Severance Hospital; Korea University Medical Center; Bundang Jesaeng Hospital; Rural Development Administration; Fuel Cells and Hydrogen; Seoul Metropolitan Government; Asan Medical Center; Samsung Medical Center; New Generation University College; Korea Institute of Nuclear Safety; Seoul National University Hospital; Seoul National University Bundang Hospital; Sejong University; Moffitt Cancer Center; Sookmyung Women's University; Korea University of Technology and Education; Kyung Hee University; Gwangju Institute of Science and Technology; Daegu Catholic University; University of Ulsan; Sacred Heart Hospital; Kwangju Christian Hospital; Gachon University Gil Medical Center; Sacred Heart Hospital; St. Mary's Hospital; The Catholic University of Korea St. Vincent's Hospital; Chonnam National University Hospital; National University; Eunpyeong Hospital; Instituto de Ciencia de Materiales de Sevilla; Max Planck Institute for Security and Privacy; SNUH SMG-SNU Boramae Medical Center; Inje University Haeundae Paik Hospital; Wonju Severance Christian Hospital; Institute for Basic Science; Kyoto City Hospital; Inje University Ilsan Paik Hospital; Korea Institute of Machinery & Materials; Kyung Hee University Medical Center; National Institute of Food and Drug Safety Evaluation; Robotics Research (United States); National University College; National Institute of Animal Science; National Health Insurance Service Ilsan Hospital; CHA University Bundang Medical Center; Hanyang University Seoul Hospital; Chungnam National University Hospital; Myongji Hospital; University of Global Health Equity; Gangnam Severance Hospital; Convergence; Sacred Heart Hospital; Kangdong Sacred Heart Hospital; Chonnam National University Hwasun Hospital; CHA University; Pusan National University Yangsan Hospital; Korea Research Institute of Chemical Technology; Hanyang University Medical Center; Onnuri Smile Eye Clinic; Institute of Occupational Safety; Siloam Eye Hospital; Korea Brain Research Institute; Hallym University Hangang Sacred Heart Hospital; National Health Insurance Service; Seoul National University Dental Hospital; Hallym University Sacred Heart Hospital; The Catholic University of Korea Seoul St. Mary's Hospital; Yonsei University Health System; Chungbuk National University Hospital; Korea University; Hallym University Medical Center; Yonsei Cancer Hospital; Korea University Guro Hospital; Seoul National University Gwanak Dental Hospital; Ajou Research Institute for Innovative Medicine; National Institute of Horticultural and Herbal Science; Chungnam National University Sejong Hospital; Korea University Anam Hospital; Ajou University Medical Center; Hanyang University; Pusan National University; Yeungnam University; Ajou University; Korea Institute of Science and Technology; Naver (South Korea); Massachusetts Institute of Technology; Chung-Ang University; Kyungnam University; Woosuk University; Carnegie Mellon University; Wonkwang University; Gwangju University; Jeonbuk National University; Hankuk University of Foreign Studies; Sungkyunkwan University; Catholic University of Korea; Korea Institute of Science & Technology Information; Korea University of Science and Technology; Korea Institute of Industrial Technology; Pukyong National University; Daegu University; Anyang University; Hongik University",34,22,P0007; P0066; P0115; P0170; P0205; P0277; P0332; P0337; P0373; P0379; P0386; P0416; P0439; P0452; P0485; P0522; P0527; P0532; P0535; P0587; P0612; P0632,,,0.82,"strong network signal, but no explicit professor title evidence",A_review_first
A5084081275,Young Ju Lee,Kyung Hee University; Kyung Hee University Medical Center,32,22,P0028; P0038; P0057; P0083; P0142; P0200; P0201; P0332; P0343; P0349; P0357; P0364; P0390; P0407; P0409; P0415; P0498; P0541; P0560; P0562; P0604; P0674,,,0.82,"strong network signal, but no explicit professor title evidence",A_review_first
A5008942832,Yangsoo Jang,Yonsei University; Severance Hospital; CHA University Bundang Medical Center; CHA University; Yonsei University Health System; CHA University Gangnam Medical Center,116,22,P0007; P0030; P0100; P0107; P0214; P0226; P0319; P0333; P0334; P0361; P0434; P0446; P0447; P0462; P0471; P0481; P0527; P0541; P0580; P0641; P0653; P0685,,,0.82,"strong network signal, but no explicit professor title evidence",A_review_first
A5086462999,Junsang Doh,Seoul National University; Bioengineering Center; Institute of Engineering Research,46,21,P0002; P0005; P0006; P0007; P0009; P0011; P0013; P0014; P0016; P0019; P0020; P0021; P0022; P0024; P0026; P0027; P0028; P0041; P0067; P0134; P0484,,,0.82,"strong network signal, but no explicit professor title evidence",A_review_first
A5100614827,Jin‐Man Kim,Konyang University; Yonsei University; Severance Hospital; Asan Medical Center; Kyungpook National University; Konyang University Hospital; Chungnam National University Hospital,42,21,P0028; P0034; P0040; P0060; P0083; P0088; P0104; P0205; P0251; P0265; P0281; P0332; P0334; P0493; P0536; P0550; P0574; P0622; P0631; P0670; P0673,,,0.82,"strong network signal, but no explicit professor title evidence",A_review_first
A5100635535,Jae Hyung Park,Korea Advanced Institute of Science and Technology; Fraunhofer Project Centre Wolfsburg; Jeonbuk National University; Sungkyunkwan University; Pukyong National University,34,21,P0007; P0050; P0077; P0097; P0114; P0135; P0175; P0195; P0208; P0228; P0243; P0289; P0464; P0494; P0500; P0511; P0514; P0532; P0535; P0631; P0688,,,0.82,"strong network signal, but no explicit professor title evidence",A_review_first
A5078895940,Dae‐Duk Kim,Seoul National University; New Generation University College; National University,100,21,P0032; P0034; P0036; P0038; P0040; P0044; P0050; P0053; P0056; P0090; P0097; P0108; P0149; P0208; P0211; P0285; P0295; P0302; P0367; P0464; P0564,,,0.82,"strong network signal, but no explicit professor title evidence",A_review_first
A5100692942,Hee‐Jin Kim,Samsung Medical Center; Seoul National University Hospital; Pusan National University Hospital; Sungkyunkwan University,72,20,P0006; P0013; P0014; P0028; P0029; P0040; P0162; P0250; P0325; P0350; P0355; P0368; P0429; P0449; P0456; P0484; P0499; P0550; P0601; P0603,,,0.82,"strong network signal, but no explicit professor title evidence",A_review_first
A5100775283,Won‐Young Lee,Kangbuk Samsung Hospital,41,20,P0007; P0023; P0028; P0030; P0157; P0161; P0195; P0201; P0204; P0228; P0253; P0357; P0439; P0480; P0493; P0511; P0532; P0568; P0616; P0653,,,0.82,"strong network signal, but no explicit professor title evidence",A_review_first
A5005022842,Wonshik Han,Seoul National University; Cancer Research Institute; Seoul National University Hospital; National University College,62,19,P0028; P0029; P0057; P0067; P0079; P0093; P0114; P0329; P0345; P0354; P0394; P0414; P0454; P0464; P0484; P0486; P0588; P0594; P0606,,,0.82,"strong network signal, but no explicit professor title evidence",A_review_first
A5081586719,Chang Mo Moon,Ewha Womans University; Ewha Womans University Medical Center,91,18,P0330; P0338; P0355; P0356; P0357; P0359; P0361; P0364; P0384; P0388; P0393; P0400; P0428; P0443; P0445; P0446; P0526; P0597,,,0.82,"strong network signal, but no explicit professor title evidence",A_review_first
A5100348065,Nayoung Kim,Seoul National University; Sogang University; University of Alabama; Korea University; Seoul National University Hospital; Seoul National University Bundang Hospital; Hanmi Pharmaceutical (South Korea); New York Institute of Technology; Health Insurance Review and Assessment Service; Imperial College London,59,18,P0028; P0040; P0071; P0077; P0078; P0093; P0188; P0304; P0384; P0388; P0428; P0445; P0509; P0534; P0536; P0597; P0620; P0661,,,0.82,"strong network signal, but no explicit professor title evidence",A_review_first
A5100643662,Taesung Park,Seoul National University; New Generation University College; National University College,56,18,P0028; P0040; P0043; P0057; P0078; P0100; P0105; P0201; P0205; P0231; P0240; P0249; P0337; P0463; P0484; P0493; P0503; P0560,,,0.82,"strong network signal, but no explicit professor title evidence",A_review_first
A5001348492,Murim Choi,Seoul National University; New Generation University College; National University College,53,18,P0013; P0014; P0020; P0028; P0029; P0056; P0057; P0060; P0064; P0066; P0067; P0068; P0075; P0079; P0114; P0439; P0477; P0625,,,0.82,"strong network signal, but no explicit professor title evidence",A_review_first
A5088594015,Sang‐Won Lee,Jeonju National University of Education; Yonsei University; Leon Wiltse Memorial Hospital; Jeonbuk National University,42,18,P0182; P0205; P0253; P0255; P0257; P0265; P0277; P0297; P0346; P0359; P0365; P0408; P0429; P0436; P0468; P0499; P0591; P0629,,,0.82,"strong network signal, but no explicit professor title evidence",A_review_first
A5100318692,Juneyoung Lee,Ulsan College; Royal Free London NHS Foundation Trust; Korea University; Soonchunhyang University; Soonchunhyang University Hospital Seoul; Asan Medical Center; University of Ulsan; Moderna Therapeutics (United States); Yeungnam University Medical Center; National Health Insurance Service; Korea University; Yeungnam University,200,18,P0005; P0007; P0025; P0028; P0030; P0040; P0108; P0114; P0281; P0332; P0354; P0379; P0380; P0482; P0511; P0532; P0535; P0633,,,0.82,"strong network signal, but no explicit professor title evidence",A_review_first
A5102881408,Sung‐Soo Yoon,Seoul National University; Seoul National University Hospital; Kyung Hee University; Kyung Hee University Dental Hospital,199,18,P0007; P0013; P0014; P0020; P0028; P0029; P0043; P0079; P0105; P0115; P0306; P0337; P0355; P0368; P0449; P0484; P0550; P0616,,,0.82,"strong network signal, but no explicit professor title evidence",A_review_first
A5070098382,Yoon Kyung Jeon,Seoul National University; Cancer Research Institute; New Generation University College; Seoul National University Hospital; National University College,195,18,P0007; P0028; P0029; P0057; P0060; P0064; P0075; P0076; P0079; P0114; P0115; P0209; P0306; P0357; P0493; P0605; P0615; P0631,,,0.82,"strong network signal, but no explicit professor title evidence",A_review_first
A5004166441,Seok Jin Kim,Samsung (South Korea); Samsung Medical Center; Seoul National University Bundang Hospital; Sungkyunkwan University,165,18,P0006; P0007; P0013; P0014; P0019; P0020; P0028; P0029; P0050; P0201; P0355; P0359; P0393; P0456; P0484; P0542; P0550; P0603,,,0.82,"strong network signal, but no explicit professor title evidence",A_review_first
A5066161983,Se‐Hoon Lee,Samsung (South Korea); Samsung Medical Center; Seoul Medical Center; Bristol-Myers Squibb (South Korea); Sungkyunkwan University,158,18,P0028; P0029; P0040; P0057; P0079; P0134; P0135; P0163; P0205; P0250; P0326; P0350; P0484; P0485; P0534; P0594; P0603; P0623,,,0.82,"strong network signal, but no explicit professor title evidence",A_review_first
A5100758570,Sungha Park,Yonsei University; Severance Hospital; Gangnam Severance Hospital; Yonsei University Health System,103,18,P0007; P0027; P0030; P0075; P0079; P0317; P0319; P0326; P0379; P0408; P0416; P0434; P0439; P0446; P0471; P0527; P0535; P0580,,,0.82,"strong network signal, but no explicit professor title evidence",A_review_first
A5076115706,Jinny Park,Korea University; Ansan University; Korea University,85,17,P0007; P0013; P0014; P0029; P0068; P0236; P0350; P0351; P0355; P0359; P0361; P0388; P0449; P0550; P0603; P0604; P0616,,,0.82,"strong network signal, but no explicit professor title evidence",A_review_first
A5100704613,Yong‐Jae Kim,Hallym University; Korea Institute of Brain Science; Kangdong Sacred Heart Hospital; Catholic University of Korea; Dankook University,84,17,P0040; P0240; P0267; P0281; P0297; P0325; P0379; P0413; P0416; P0428; P0447; P0471; P0532; P0544; P0587; P0619; P0636,,,0.82,"strong network signal, but no explicit professor title evidence",A_review_first
A5101629084,Jeong Eon Lee,Seoul National University; Soonchunhyang University Hospital Seoul; Samsung Medical Center; National Institute of Ecology; Sungkyunkwan University,70,17,P0014; P0025; P0028; P0040; P0275; P0297; P0350; P0354; P0394; P0414; P0444; P0454; P0484; P0495; P0588; P0616; P0622,,,0.82,"strong network signal, but no explicit professor title evidence",A_review_first
A5100443628,Kwangsoo Kim,Seoul National University of Science and Technology; Seoul National University; New Generation University College; Seoul National University Hospital; Seoul National University Bundang Hospital; Chonnam National University Hospital; Institute of Crop Science,67,17,P0026; P0043; P0050; P0056; P0064; P0067; P0071; P0079; P0098; P0114; P0205; P0408; P0430; P0475; P0481; P0482; P0485,,,0.82,"strong network signal, but no explicit professor title evidence",A_review_first
A5102975274,Hai‐Jeon Yoon,Ewha Womans University,60,17,P0114; P0123; P0318; P0322; P0325; P0338; P0346; P0349; P0354; P0359; P0367; P0373; P0384; P0414; P0428; P0445; P0526,,,0.82,"strong network signal, but no explicit professor title evidence",A_review_first
A5100764546,Jung‐Sun Kim,Yonsei University; Severance Hospital; Korea University Medical Center; Samsung Medical Center; Dongguk University Ilsan Hospital; Gangnam Severance Hospital; Hallym University Sacred Heart Hospital; Yonsei University Health System; Korea University Guro Hospital; Sungkyunkwan University,55,17,P0007; P0030; P0032; P0034; P0050; P0319; P0332; P0357; P0379; P0416; P0434; P0485; P0491; P0562; P0580; P0641; P0685,,,0.82,"strong network signal, but no explicit professor title evidence",A_review_first
A5034739279,Myung‐Ju Ahn,Samsung Medical Center; Hanyang University Medical Center; Hanyang University; Sungkyunkwan University,74,16,P0013; P0028; P0033; P0040; P0079; P0134; P0135; P0156; P0163; P0253; P0337; P0355; P0484; P0511; P0603; P0622,,,0.82,"strong network signal, but no explicit professor title evidence",A_review_first
A5100390285,Jin‐Soo Kim,Chung-Ang University Hospital; Gyeongsang National University; Institute for Basic Science; Koje College; Korea Basic Science Institute; Korea Research Institute of Bioscience and Biotechnology; Korea University; Korea University of Science and Technology; National University College; New Generation University College; SNUH SMG-SNU Boramae Medical Center; Seoul National University; Seoul National University Hospital; Seoul National University of Education; ToolGen (South Korea),65,16,P0002; P0029; P0040; P0056; P0066; P0067; P0083; P0114; P0167; P0199; P0230; P0243; P0256; P0306; P0442; P0473,,,0.82,"strong network signal, but no explicit professor title evidence",A_review_first
A5103327413,Seonyang Park,Inje University Haeundae Paik Hospital,57,16,P0007; P0013; P0014; P0020; P0021; P0029; P0040; P0043; P0079; P0115; P0210; P0337; P0355; P0494; P0499; P0550,,,0.82,"strong network signal, but no explicit professor title evidence",A_review_first
A5100374569,Dae‐Hyun Kim,Yonsei University; Chungnam National University; Konkuk University; Hebrew SeniorLife; Pusan National University,56,16,P0066; P0108; P0205; P0246; P0253; P0254; P0256; P0269; P0306; P0457; P0491; P0508; P0532; P0535; P0568; P0623,,,0.82,"strong network signal, but no explicit professor title evidence",A_review_first
A5106557026,Young Tae Kim,Seoul National University; Cancer Research Institute; Seoul National University Hospital,55,16,P0007; P0014; P0057; P0075; P0079; P0114; P0219; P0326; P0337; P0340; P0354; P0355; P0357; P0394; P0526; P0594,,,0.82,"strong network signal, but no explicit professor title evidence",A_review_first
A5086899824,Sung Ho Ryu,Pohang University of Science and Technology,47,16,P0011; P0023; P0030; P0040; P0041; P0042; P0090; P0100; P0153; P0213; P0214; P0252; P0272; P0332; P0560; P0562,,,0.82,"strong network signal, but no explicit professor title evidence",A_review_first
A5022308730,Deok‐Hwan Yang,Chonnam National University Hospital; Chonnam National University Hwasun Hospital,155,16,P0006; P0007; P0013; P0014; P0016; P0019; P0020; P0029; P0137; P0220; P0332; P0337; P0355; P0536; P0550; P0603,,,0.82,"strong network signal, but no explicit professor title evidence",A_review_first
A5015112169,Chul Won Jung,Samsung Medical Center; Sungkyunkwan University,101,16,P0006; P0007; P0013; P0014; P0019; P0020; P0029; P0251; P0253; P0326; P0350; P0355; P0449; P0550; P0603; P0605,,,0.82,"strong network signal, but no explicit professor title evidence",A_review_first
A5082025437,Jin Seok Ahn,Samsung Medical Center; Sungkyunkwan University,95,15,P0007; P0014; P0028; P0029; P0040; P0079; P0134; P0135; P0156; P0163; P0350; P0355; P0484; P0603; P0622,,,0.82,"strong network signal, but no explicit professor title evidence",A_review_first
A5018929039,Do‐Hyun Nam,Samsung Medical Center; Sungkyunkwan University,84,15,P0007; P0025; P0028; P0031; P0078; P0205; P0213; P0250; P0332; P0361; P0389; P0443; P0484; P0589; P0602,,,0.82,"strong network signal, but no explicit professor title evidence",A_review_first
A5100616675,Sang Yup Lee,Korea Advanced Institute of Science and Technology; Yonsei University; Korea Institute of Brain Science; Intelligent Synthetic Biology Center; Technical University of Denmark,81,15,P0029; P0115; P0140; P0205; P0228; P0234; P0245; P0332; P0338; P0431; P0469; P0475; P0548; P0550; P0615,,,0.82,"strong network signal, but no explicit professor title evidence",A_review_first
A5000424971,Dong‐Chan Oh,Seoul National University; New Generation University College; National University,69,15,P0032; P0033; P0035; P0036; P0038; P0042; P0044; P0053; P0055; P0057; P0086; P0285; P0295; P0486; P0492,,,0.82,"strong network signal, but no explicit professor title evidence",A_review_first
A5030740700,Jihee Lee Kang,Ewha Womans University,59,15,P0330; P0359; P0361; P0364; P0376; P0388; P0393; P0400; P0409; P0415; P0421; P0433; P0441; P0489; P0536,,,0.82,"strong network signal, but no explicit professor title evidence",A_review_first
A5047086305,Dong Ryul Lee,CHA University Bundang Medical Center; CHA University,57,15,P0021; P0060; P0157; P0210; P0211; P0228; P0260; P0325; P0466; P0474; P0475; P0482; P0485; P0487; P0488,,,0.82,"strong network signal, but no explicit professor title evidence",A_review_first
A5035032984,Jung Hyun Chang,Seoul National University Hospital; National Health Insurance Service; Stanford University,132,15,P0319; P0327; P0361; P0371; P0384; P0386; P0409; P0427; P0428; P0429; P0445; P0446; P0449; P0591; P0597,,,0.82,"strong network signal, but no explicit professor title evidence",A_review_first
A5028976173,Dong Keon Yon,Kyung Hee University; Seoul Medical Center; Korea Institute of Radiological and Medical Sciences; Kyung Hee University Medical Center,126,15,P0028; P0030; P0052; P0201; P0205; P0228; P0260; P0266; P0332; P0379; P0482; P0485; P0527; P0542; P0572,,,0.82,"strong network signal, but no explicit professor title evidence",A_review_first
A5041899046,Soo‐Mee Bang,Seoul National University Bundang Hospital,121,15,P0007; P0013; P0014; P0019; P0020; P0029; P0043; P0075; P0123; P0347; P0350; P0355; P0428; P0550; P0603,,,0.82,"strong network signal, but no explicit professor title evidence",A_review_first
A5115587920,Dong Soo Lee,Advanced Institute of Convergence Technology; Cancer Research Institute; Chungnam National University; Ewha Womans University; Gyeongsangnam-do Agricultural Research and Extension Services; Kangwon National University; National University; National University College; New Generation University College; Pohang University of Science and Technology; Seoul National University; Seoul National University Bundang Hospital; Seoul National University Hospital; Seoul National University of Science and Technology; Society of Nuclear Medicine and Molecular Imaging,94,14,P0021; P0067; P0075; P0079; P0114; P0123; P0205; P0228; P0337; P0486; P0500; P0526; P0534; P0661,,,0.82,"strong network signal, but no explicit professor title evidence",A_review_first
A5052433739,Hyung Sik Kim,Sungkyunkwan University,92,14,P0031; P0042; P0090; P0137; P0142; P0174; P0204; P0260; P0286; P0343; P0536; P0560; P0563; P0685,,,0.82,"strong network signal, but no explicit professor title evidence",A_review_first
A5052102685,Hyung‐Min Chung,Konkuk University; Konkuk University Medical Center,86,14,P0007; P0030; P0056; P0064; P0100; P0157; P0211; P0228; P0333; P0474; P0480; P0481; P0482; P0666,,,0.82,"strong network signal, but no explicit professor title evidence",A_review_first
A5024676627,Sun Young Rha,Yonsei University; Yonsei University Health System; Indiana University Melvin and Bren Simon Comprehensive Cancer Center; Yonsei Cancer Hospital,75,14,P0007; P0028; P0029; P0040; P0058; P0104; P0250; P0253; P0332; P0378; P0453; P0503; P0550; P0603,,,0.82,"strong network signal, but no explicit professor title evidence",A_review_first
A5047280984,Kyung‐Ah Cho,Ewha Womans University,74,14,P0153; P0349; P0351; P0358; P0361; P0366; P0368; P0384; P0393; P0422; P0428; P0444; P0445; P0456,,,0.82,"strong network signal, but no explicit professor title evidence",A_review_first
A5100379516,Hye Young Kim,Gyeongsang National University; Korea Institute of Ceramic Engineering and Technology,73,14,P0067; P0075; P0076; P0078; P0079; P0115; P0134; P0135; P0138; P0386; P0447; P0499; P0504; P0588,,,0.82,"strong network signal, but no explicit professor title evidence",A_review_first
A5105873384,Seung‐Jae Myung,Ulsan College; Asan Medical Center; University of Ulsan,64,14,P0022; P0032; P0172; P0205; P0384; P0428; P0457; P0522; P0524; P0562; P0585; P0597; P0619; P0620,,,0.82,"strong network signal, but no explicit professor title evidence",A_review_first
A5064370332,In‐Jin Jang,Seoul National University; Seoul National University Hospital,62,14,P0028; P0030; P0058; P0068; P0114; P0123; P0200; P0205; P0285; P0364; P0378; P0421; P0444; P0631,,,0.82,"strong network signal, but no explicit professor title evidence",A_review_first
A5080295544,Bhumsuk Keam,Seoul National University; Seoul National University Hospital,138,14,P0005; P0023; P0028; P0029; P0057; P0064; P0067; P0079; P0200; P0209; P0250; P0253; P0332; P0350,,,0.82,"strong network signal, but no explicit professor title evidence",A_review_first
A5075143500,Young‐Ger Suh,CHA University; Chung-Ang University; Chungbuk National University; Dankook University; Gachon University; Government of the Republic of Korea; National University College; New Generation University College; Seoul National University; Seoul National University Hospital; Seoul National University of Science and Technology; Sookmyung Women's University; Sungshin Women's University; Yonsei University,106,14,P0038; P0040; P0053; P0055; P0056; P0102; P0114; P0486; P0488; P0489; P0492; P0500; P0533; P0564,,,0.82,"strong network signal, but no explicit professor title evidence",A_review_first
A5030107272,Keunchil Park,The University of Texas MD Anderson Cancer Center; Samsung Medical Center; Sungkyunkwan University,82,13,P0007; P0028; P0040; P0057; P0079; P0134; P0135; P0156; P0163; P0350; P0484; P0603; P0622,,,0.82,"strong network signal, but no explicit professor title evidence",A_review_first
A5103732499,Chu‐Myong Seong,Ewha Womans University; Ewha Womans University Mokdong Hospital,68,13,P0007; P0013; P0014; P0029; P0337; P0350; P0355; P0361; P0393; P0429; P0434; P0449; P0456,,,0.82,"strong network signal, but no explicit professor title evidence",A_review_first
A5014858973,Ju‐Young Seoh,CHA University,63,13,P0068; P0337; P0354; P0355; P0393; P0394; P0414; P0428; P0445; P0447; P0449; P0456; P0459,,,0.82,"strong network signal, but no explicit professor title evidence",A_review_first
A5005178090,Hae‐Young Lee,Seoul National University; Yonsei University; New Generation University College; Seoul National University Hospital; National University College,62,13,P0007; P0028; P0030; P0043; P0067; P0092; P0332; P0383; P0434; P0446; P0477; P0532; P0580,,,0.82,"strong network signal, but no explicit professor title evidence",A_review_first
A5089171427,Young Sam Kim,Chungbuk National University; Inha University; Yonsei University; Chungnam National University; Cheongju University; Severance Hospital; Yonsei University Health System,298,13,P0277; P0327; P0333; P0357; P0409; P0500; P0568; P0586; P0589; P0591; P0603; P0653; P0673,,,0.82,"strong network signal, but no explicit professor title evidence",A_review_first
A5101479359,Deok‐Hwan Yang,Chonnam National University Hospital; Chonnam National University Hwasun Hospital,135,13,P0006; P0007; P0013; P0014; P0016; P0019; P0020; P0029; P0355; P0362; P0449; P0550; P0603,,,0.82,"strong network signal, but no explicit professor title evidence",A_review_first
A5100370231,Eun Young Kim,Yonsei University; Severance Hospital; Institute of Crop Science,114,13,P0100; P0208; P0327; P0332; P0357; P0364; P0414; P0422; P0454; P0517; P0549; P0625; P0635,,,0.82,"strong network signal, but no explicit professor title evidence",A_review_first
A5024891671,Dae Seog Heo,Seoul National University; University of Szeged; Seoul National University Hospital; National Evidenc- based healthcare Collaborating Agency,108,13,P0005; P0007; P0029; P0057; P0064; P0067; P0079; P0115; P0200; P0209; P0326; P0350; P0642,,,0.82,"strong network signal, but no explicit professor title evidence",A_review_first
A5039708869,Lak Shin Jeong,Seoul National University; National University College,100,13,P0036; P0038; P0050; P0056; P0065; P0216; P0222; P0284; P0333; P0409; P0493; P0625; P0685,,,0.82,"strong network signal, but no explicit professor title evidence",A_review_first
A5075932421,Sung Yong Oh,Korea University Medical Center; Dong-A University Hospital; Korea University Guro Hospital; Dong-A University,83,12,P0006; P0013; P0020; P0253; P0329; P0332; P0350; P0355; P0409; P0444; P0603; P0670,,,0.82,"strong network signal, but no explicit professor title evidence",A_review_first
A5010875676,Ja Min Byun,Seoul National University; New Generation University College; Seoul National University Hospital; National University College; Biomedical Research Institute,83,12,P0007; P0013; P0020; P0029; P0064; P0201; P0306; P0355; P0362; P0550; P0597; P0603,,,0.82,"strong network signal, but no explicit professor title evidence",A_review_first
A5050684671,Yung‐Jue Bang,Seoul National University,77,12,P0029; P0057; P0079; P0253; P0326; P0350; P0442; P0453; P0498; P0526; P0594; P0642,,,0.82,"strong network signal, but no explicit professor title evidence",A_review_first
A5064603147,Nayoung Han,Jeju National University,74,12,P0040; P0043; P0092; P0095; P0099; P0105; P0114; P0204; P0443; P0446; P0491; P0494,,,0.82,"strong network signal, but no explicit professor title evidence",A_review_first
A5100461239,Yu‐Jin Kim,Life Science Institute; Korea Brain Research Institute; Pusan National University; Korea Institute of Science and Technology,68,12,P0028; P0173; P0181; P0194; P0201; P0220; P0253; P0255; P0257; P0434; P0484; P0560,,,0.82,"strong network signal, but no explicit professor title evidence",A_review_first
A5059766169,Do‐Youn Oh,Seoul National University; Seoul National University Hospital,63,12,P0029; P0078; P0079; P0108; P0219; P0227; P0253; P0350; P0498; P0526; P0588; P0594,,,0.82,"strong network signal, but no explicit professor title evidence",A_review_first
A5076937960,Kyung‐Sang Yu,Seoul National University; Seoul National University Hospital,59,12,P0030; P0058; P0068; P0075; P0114; P0200; P0205; P0285; P0365; P0454; P0631; P0635,,,0.82,"strong network signal, but no explicit professor title evidence",A_review_first
A5006422911,Jae‐Sook Ahn,Chonnam National University Hwasun Hospital,189,12,P0006; P0007; P0013; P0014; P0019; P0020; P0029; P0333; P0355; P0449; P0550; P0615,,,0.82,"strong network signal, but no explicit professor title evidence",A_review_first
A5046239431,Byung‐Chul Lee,Hallym University; Sacred Heart Hospital; Sacred Heart Hospital; Hallym University Sacred Heart Hospital; Hallym University Medical Center,182,12,P0005; P0007; P0156; P0297; P0343; P0380; P0499; P0532; P0535; P0590; P0615; P0633,,,0.82,"strong network signal, but no explicit professor title evidence",A_review_first
A5102784882,Ho‐Jin Shin,Pusan National University Hospital,139,12,P0007; P0013; P0014; P0016; P0020; P0029; P0078; P0253; P0355; P0550; P0603; P0616,High one-hour plasma glucose is an intermediate risk state ...,https://pubmed.ncbi.nlm.nih.gov/39617334/,0.82,"strong network signal, but no explicit professor title evidence",A_review_first
A5010232519,Young Rok Do,Keimyung University Dongsan Medical Center; Keimyung University,126,12,P0007; P0013; P0014; P0019; P0020; P0029; P0052; P0350; P0355; P0550; P0603; P0616,,,0.82,"strong network signal, but no explicit professor title evidence",A_review_first
A5100419666,Eun Young Lee,Seoul National University; Asan Medical Center; National University College,96,11,P0028; P0040; P0075; P0079; P0083; P0100; P0115; P0514; P0536; P0550; P0604,,,0.82,"strong network signal, but no explicit professor title evidence",A_review_first
A5047846074,Kyungdo Han,"University of Nevada, Las Vegas; Soongsil University; Naver (South Korea)",91,11,P0030; P0201; P0205; P0333; P0349; P0399; P0405; P0454; P0522; P0527; P0661,,,0.82,"strong network signal, but no explicit professor title evidence",A_review_first
A5057756650,Seok‐Yong Lee,Sungkyunkwan University,89,11,P0036; P0114; P0123; P0217; P0223; P0245; P0286; P0498; P0524; P0563; P0685,,,0.82,"strong network signal, but no explicit professor title evidence",A_review_first
A5008186343,Kyeung Min Joo,Samsung Medical Center; Research Institute for Future Medicine; Sungkyunkwan University,79,11,P0007; P0028; P0031; P0132; P0250; P0332; P0334; P0361; P0484; P0532; P0594,,,0.82,"strong network signal, but no explicit professor title evidence",A_review_first
A5033232203,Hye Sun Lee,Yonsei University; Korea Institute of Ceramic Engineering and Technology; Yonsei University Health System; Hanyang University,75,11,P0023; P0099; P0326; P0337; P0379; P0389; P0401; P0416; P0434; P0527; P0535,,,0.82,"strong network signal, but no explicit professor title evidence",A_review_first
A5100434365,Tae‐Hwan Kim,Hallym University; Yonsei University; Severance Hospital; Kyungpook National University Hospital; Kyungpook National University; Sacred Heart Hospital; Chonnam National University Hospital; Hanyang University Seoul Hospital; Hallym University Sacred Heart Hospital; Kyungpook National University Chilgok Hospital; Hanyang University; Anyang University,63,11,P0086; P0115; P0162; P0219; P0408; P0514; P0515; P0542; P0557; P0560; P0625,,,0.82,"strong network signal, but no explicit professor title evidence",A_review_first
A5100426023,Sung‐Hyun Kim,Dong-A University,109,11,P0007; P0013; P0014; P0019; P0020; P0029; P0355; P0409; P0449; P0603; P0616,,,0.82,"strong network signal, but no explicit professor title evidence",A_review_first
A5103193360,Sang Kyun Sohn,Kyungpook National University Hospital; Kyungpook National University Chilgok Hospital,102,11,P0007; P0013; P0014; P0019; P0020; P0029; P0108; P0355; P0449; P0550; P0616,,,0.82,"strong network signal, but no explicit professor title evidence",A_review_first
A5102724382,Yoon‐La Choi,Samsung Medical Center; Sungkyunkwan University,91,10,P0025; P0028; P0030; P0040; P0056; P0075; P0134; P0275; P0359; P0484,,,0.82,"strong network signal, but no explicit professor title evidence",A_review_first
A5017712197,So‐Young Bang,Kyungpook National University; Maria Fertility Hospital; Hanyang University Guri Hospital; Hanyang University Seoul Hospital; Hanyang University Hospital for Rheumatic Disease; Hanyang University; Korea Research Institute of Bioscience and Biotechnology,89,10,P0028; P0086; P0159; P0162; P0176; P0260; P0408; P0418; P0475; P0514,,,0.82,"strong network signal, but no explicit professor title evidence",A_review_first
A5026549320,Hong Bin Kim,Seoul National University; New Generation University College; Seoul National University Bundang Hospital; National University College,87,10,P0028; P0064; P0071; P0083; P0099; P0326; P0347; P0444; P0615; P0643,,,0.82,"strong network signal, but no explicit professor title evidence",A_review_first
A5023527480,Yong Park,Ewha Womans University; Texas A&M University System; Korea University; Augusta University; New Generation University College; Chonnam National University Hwasun Hospital; Korea University; Ewha Womans University Mokdong Hospital; Korea University Anam Hospital; Jeonbuk National University,86,10,P0006; P0007; P0013; P0014; P0019; P0020; P0029; P0355; P0403; P0603,",17(51$7,21$/ )2580 21 (175(35(1(856+,3",https://www.jinju.go.kr/jinjuforum/files/brochure-2025.pdf,0.82,"strong network signal, but no explicit professor title evidence",A_review_first
A5029214767,Jae‐Hak Park,Seoul National University,83,10,P0067; P0075; P0079; P0228; P0258; P0297; P0418; P0451; P0576; P0657,,,0.82,"strong network signal, but no explicit professor title evidence",A_review_first
A5057636290,Seok Jin Nam,Samsung Medical Center; Sungkyunkwan University,78,10,P0025; P0028; P0040; P0350; P0354; P0394; P0414; P0588; P0606; P0622,,,0.82,"strong network signal, but no explicit professor title evidence",A_review_first
A5016807045,Dong‐Yeop Shin,Seoul National University; Cancer Research Institute; Seoul National University Hospital,76,10,P0007; P0013; P0014; P0019; P0020; P0029; P0306; P0355; P0550; P0603,,,0.82,"strong network signal, but no explicit professor title evidence",A_review_first
A5043552754,Jae‐Won Joh,Changwon National University; Korea Institute of Materials Science,71,10,P0006; P0024; P0030; P0205; P0378; P0408; P0484; P0594; P0609; P0676,,,0.82,"strong network signal, but no explicit professor title evidence",A_review_first
A5012791367,Inpyo Choi,Chungnam National University; Genomics (United Kingdom); Korea Research Institute of Bioscience and Biotechnology; Korea University of Science and Technology,70,10,P0005; P0011; P0102; P0135; P0355; P0489; P0493; P0539; P0568; P0670,,,0.82,"strong network signal, but no explicit professor title evidence",A_review_first
A5014715024,Chun Gwon Park,Korea Institute of Science and Technology; Sungkyunkwan University,67,10,P0006; P0007; P0021; P0026; P0050; P0134; P0208; P0219; P0303; P0615,,,0.82,"strong network signal, but no explicit professor title evidence",A_review_first
A5084870834,Dae Young Zang,Sacred Heart Hospital; Hallym University Sacred Heart Hospital; Hallym University Medical Center,66,10,P0007; P0014; P0200; P0253; P0350; P0355; P0428; P0550; P0603; P0616,,,0.82,"strong network signal, but no explicit professor title evidence",A_review_first
A5081944917,Duk‐Soo Bae,Samsung Medical Center; Sungkyunkwan University,317,10,P0006; P0007; P0025; P0028; P0040; P0228; P0250; P0329; P0342; P0531,,,0.82,"strong network signal, but no explicit professor title evidence",A_review_first
A5100661072,Beom Joon Kim,New Generation University College; Seoul National University Bundang Hospital; National University College,185,10,P0005; P0325; P0337; P0379; P0380; P0416; P0532; P0535; P0615; P0685,,,0.82,"strong network signal, but no explicit professor title evidence",A_review_first
A5070707669,Dong‐Ick Shin,Chungbuk National University; Chungbuk National University Hospital,129,10,P0005; P0007; P0297; P0379; P0416; P0457; P0532; P0535; P0542; P0633,,,0.82,"strong network signal, but no explicit professor title evidence",A_review_first
A5041140138,Kun‐Ho Yoon,The Catholic University of Korea Seoul St. Mary's Hospital,124,10,P0028; P0030; P0201; P0205; P0408; P0474; P0481; P0511; P0615; P0661,,,0.82,"strong network signal, but no explicit professor title evidence",A_review_first
A5044958787,Cheolwon Suh,Asan Medical Center; Catholic University of Korea; Chonnam National University Hwasun Hospital; Deleted Institution; Dong-A University; Ewha Womans University; Moffitt Cancer Center; Samsung Medical Center; Seoul Medical Center; Seoul National University; Severance Hospital; Sungkyunkwan University; The Catholic University of Korea Seoul St. Mary's Hospital; Ulsan College; University of Ulsan; Veterans Health Service Medical Center; Yonsei University,103,10,P0007; P0013; P0014; P0020; P0029; P0350; P0355; P0427; P0435; P0603,,,0.82,"strong network signal, but no explicit professor title evidence",A_review_first
A5024715707,Yon Ju Ryu,Ewha Womans University; Pusan National University,101,10,P0319; P0327; P0345; P0371; P0409; P0428; P0434; P0436; P0445; P0449,,,0.82,"strong network signal, but no explicit professor title evidence",A_review_first
A5022350068,Duk Lyul Na,Samsung Medical Center; Sungkyunkwan University,97,9,P0007; P0123; P0132; P0208; P0325; P0425; P0439; P0474; P0532,,,0.82,"strong network signal, but no explicit professor title evidence",A_review_first
A5077530265,Jong‐Seok Lim,East Kent Hospitals University NHS Foundation Trust; Sookmyung Women's University; Sungkyunkwan University,94,9,P0042; P0204; P0288; P0332; P0368; P0463; P0493; P0568; P0615,,,0.82,"strong network signal, but no explicit professor title evidence",A_review_first
A5100387458,Jae Hoon Lee,Yonsei University; Gachon University Gil Medical Center; Dong-A University,92,9,P0007; P0013; P0014; P0020; P0029; P0350; P0355; P0359; P0603,,,0.82,"strong network signal, but no explicit professor title evidence",A_review_first
A5049891346,Hawk Kim,Ulsan College; Yonsei University; Severance Hospital; University of Ulsan; Gachon University Gil Medical Center; Ulsan University Hospital; Chonnam National University Hwasun Hospital,77,9,P0007; P0013; P0014; P0302; P0355; P0449; P0550; P0601; P0616,,,0.82,"strong network signal, but no explicit professor title evidence",A_review_first
A5022379369,Dok Hyun Yoon,Ulsan College; Asan Medical Center; University of Ulsan,68,9,P0013; P0020; P0029; P0332; P0355; P0362; P0427; P0435; P0603,,,0.82,"strong network signal, but no explicit professor title evidence",A_review_first
A5072472240,Jay Chol Choi,New Generation University College; Seoul Medical Center; National University College; Jeju National University Hospital; Jeju National University,195,9,P0005; P0007; P0050; P0297; P0379; P0380; P0416; P0532; P0535,,,0.82,"strong network signal, but no explicit professor title evidence",A_review_first
A5079269717,Gyoo Yeol Jung,Pohang University of Science and Technology,163,9,P0002; P0008; P0010; P0012; P0015; P0018; P0022; P0023; P0369,,,0.82,"strong network signal, but no explicit professor title evidence",A_review_first
A5055431215,Kyoung‐Mee Kim,Samsung Medical Center; Sungkyunkwan University,112,9,P0007; P0028; P0250; P0285; P0306; P0384; P0445; P0484; P0631,,,0.82,"strong network signal, but no explicit professor title evidence",A_review_first
A5032199338,Sang‐Cheol Bae,Hanyang University Seoul Hospital; Hanyang University; Anyang University,109,9,P0028; P0115; P0159; P0162; P0205; P0219; P0408; P0514; P0515,,,0.82,"strong network signal, but no explicit professor title evidence",A_review_first
A5079799226,Minho Song,Chungnam National University,99,8,P0225; P0282; P0294; P0326; P0550; P0552; P0558; P0681,,,0.82,"strong network signal, but no explicit professor title evidence",A_review_first
A5100649694,Inho Kim,Seoul National University Hospital,91,8,P0007; P0013; P0014; P0020; P0029; P0043; P0312; P0355,,,0.82,"strong network signal, but no explicit professor title evidence",A_review_first
A5102924577,Chang‐Ki Min,The Catholic University of Korea Seoul St. Mary's Hospital,89,8,P0006; P0007; P0013; P0020; P0029; P0291; P0355; P0616,,,0.82,"strong network signal, but no explicit professor title evidence",A_review_first
A5052823826,Sae‐Won Han,Seoul National University Hospital,87,8,P0029; P0079; P0114; P0250; P0350; P0354; P0588; P0594,,,0.82,"strong network signal, but no explicit professor title evidence",A_review_first
A5062543970,Youngjoo Kwon,Ewha Womans University,79,8,P0208; P0337; P0367; P0482; P0488; P0582; P0601; P0668,,,0.82,"strong network signal, but no explicit professor title evidence",A_review_first
A5047283010,Tae Jung Park,Korea Advanced Institute of Science and Technology; Korea Basic Science Institute; Chung-Ang University,77,8,P0022; P0180; P0230; P0231; P0234; P0236; P0284; P0469,,,0.82,"strong network signal, but no explicit professor title evidence",A_review_first
A5083751923,Jong Oh Kim,Yeungnam University; Sungkyunkwan University,213,8,P0012; P0142; P0149; P0179; P0188; P0204; P0255; P0352,,,0.82,"strong network signal, but no explicit professor title evidence",A_review_first
A5022150256,Mi Sun Oh,Sacred Heart Hospital; Hallym University Sacred Heart Hospital,159,8,P0005; P0297; P0379; P0380; P0416; P0532; P0535; P0615,,,0.82,"strong network signal, but no explicit professor title evidence",A_review_first
A5019406140,Jeeyun Lee,Samsung Medical Center; Sungkyunkwan University,135,8,P0025; P0028; P0250; P0350; P0457; P0484; P0603; P0647,,,0.82,"strong network signal, but no explicit professor title evidence",A_review_first
A5100672940,Jeong‐Won Lee,Yonsei University; Samsung (South Korea); Severance Hospital; Samsung Medical Center; Gangnam Severance Hospital; Yonsei Cancer Hospital; Sungkyunkwan University,124,8,P0006; P0025; P0028; P0075; P0318; P0342; P0526; P0531,,,0.82,"strong network signal, but no explicit professor title evidence",A_review_first
A5065244228,Won Ki Kang,Samsung Medical Center; Sungkyunkwan University,115,8,P0025; P0028; P0096; P0253; P0337; P0350; P0435; P0603,,,0.82,"strong network signal, but no explicit professor title evidence",A_review_first
A5079697486,Yoon‐Kyoung Sung,Hanyang University Seoul Hospital; Hanyang University,108,8,P0115; P0162; P0219; P0343; P0408; P0514; P0515; P0602,,,0.82,"strong network signal, but no explicit professor title evidence",A_review_first
A5080790669,Hong‐Kyun Park,Inje University; Inje University Ilsan Paik Hospital; Keimyung University Dongsan Medical Center; Keimyung University Dongsan Hospital; Keimyung University,105,8,P0337; P0379; P0380; P0416; P0532; P0533; P0535; P0615,,,0.82,"strong network signal, but no explicit professor title evidence",A_review_first
A5074645251,Jung‐Yun Lee,Yonsei University; Korea University Medical Center; Korea University,98,7,P0006; P0025; P0329; P0337; P0342; P0457; P0484,,,0.82,"strong network signal, but no explicit professor title evidence",A_review_first
A5101448831,Byung Chul Lee,Seoul National University; New Generation University College; Seoul National University Bundang Hospital; National Institute of Ecology; National University College; Bioengineering Center; Hallym University Sacred Heart Hospital,94,7,P0075; P0114; P0123; P0233; P0354; P0532; P0535,,,0.82,"strong network signal, but no explicit professor title evidence",A_review_first
A5019254683,Jee Hyang Jeong,Ewha Womans University; Ewha Womans University Medical Center; Ewha Womans University Mokdong Hospital; Ewha Womans University Seoul Hospital,79,7,P0318; P0325; P0371; P0379; P0399; P0416; P0532,,,0.82,"strong network signal, but no explicit professor title evidence",A_review_first
A5081852574,In‐Wha Kim,Seoul National University; New Generation University College,76,7,P0040; P0043; P0105; P0115; P0204; P0494; P0686,,,0.82,"strong network signal, but no explicit professor title evidence",A_review_first
A5061006522,Chel Hun Choi,Samsung Medical Center; Kangbuk Samsung Hospital; Sungkyunkwan University,332,7,P0006; P0025; P0028; P0250; P0342; P0484; P0531,,,0.82,"strong network signal, but no explicit professor title evidence",A_review_first
A5026719950,Yoo-Young Lee,Queensland Health; The University of Queensland; Samsung Medical Center; Sungkyunkwan University,179,7,P0006; P0025; P0028; P0250; P0329; P0342; P0531,,,0.82,"strong network signal, but no explicit professor title evidence",A_review_first
A5071371580,Hae Young Choi,Ewha Womans University; Ewha Womans University Mokdong Hospital,109,7,P0354; P0359; P0365; P0376; P0440; P0582; P0625,,,0.82,"strong network signal, but no explicit professor title evidence",A_review_first
A5043085745,Ki Woong Kim,Seoul National University of Science and Technology; Seoul National University; New Generation University College; Seoul National University Hospital; Seoul National University Bundang Hospital; Institute for Basic Science; National University College,108,7,P0003; P0007; P0028; P0075; P0123; P0352; P0604,,,0.82,"strong network signal, but no explicit professor title evidence",A_review_first
A5056480807,Minae An,Samsung Medical Center; Sungkyunkwan University,95,6,P0028; P0330; P0364; P0366; P0484; P0542,,,0.82,"strong network signal, but no explicit professor title evidence",A_review_first
A5071054343,Samooel Jung,Chungnam National University,90,6,P0226; P0253; P0281; P0282; P0533; P0552,,,0.82,"strong network signal, but no explicit professor title evidence",A_review_first
A5042366735,Su Hwan Lee,Yonsei University; Severance Hospital,81,6,P0327; P0357; P0384; P0409; P0428; P0446,,,0.82,"strong network signal, but no explicit professor title evidence",A_review_first
A5025699995,Soo‐Kyung Cho,Hanyang University Seoul Hospital; Hanyang University,81,6,P0115; P0162; P0219; P0408; P0514; P0515,,,0.82,"strong network signal, but no explicit professor title evidence",A_review_first
A5027977408,Santi Devi Upadhaya,Baekseok University; Dankook University; Nutrition Center of the Philippines; Seoul National University,78,6,P0542; P0547; P0550; P0552; P0558; P0608,,,0.82,"strong network signal, but no explicit professor title evidence",A_review_first
A5103005676,Tae‐Joong Kim,Samsung Medical Center,275,6,P0006; P0025; P0028; P0250; P0329; P0531,,,0.82,"strong network signal, but no explicit professor title evidence",A_review_first
A5100672939,Jeong‐Won Lee,Samsung Medical Center,207,6,P0006; P0025; P0028; P0219; P0250; P0531,,,0.82,"strong network signal, but no explicit professor title evidence",A_review_first
A5064163183,Byung‐Hoon Min,Samsung Medical Center; Sungkyunkwan University,109,6,P0028; P0384; P0428; P0445; P0499; P0631,,,0.82,"strong network signal, but no explicit professor title evidence",A_review_first
A5007213477,Hyuk Lee,Samsung Medical Center; Sungkyunkwan University,102,6,P0007; P0028; P0384; P0428; P0445; P0597,,,0.82,"strong network signal, but no explicit professor title evidence",A_review_first
A5077653549,Insuk So,Seoul National University; National University College,97,5,P0068; P0077; P0209; P0511; P0625,,,0.82,"strong network signal, but no explicit professor title evidence",A_review_first
A5021035513,Seok Bum Lee,Dankook University Hospital; Dankook University,92,5,P0075; P0115; P0123; P0337; P0604,,,0.82,"strong network signal, but no explicit professor title evidence",A_review_first
A5090481007,Hae‐Ock Lee,Catholic University of Korea,80,5,P0028; P0031; P0361; P0484; P0485,,,0.82,"strong network signal, but no explicit professor title evidence",A_review_first
A5061236697,Young Ae Kang,Ulsan College; Yonsei University; Severance Hospital; Asan Medical Center; University of Ulsan; Gangnam Severance Hospital; Yonsei University Health System,155,5,P0077; P0327; P0357; P0409; P0591,,,0.82,"strong network signal, but no explicit professor title evidence",A_review_first
A5061232210,Kyung Soo Chung,Yonsei University; Severance Hospital; Gangnam Severance Hospital; Yonsei University Health System,129,5,P0327; P0357; P0409; P0500; P0594,,,0.82,"strong network signal, but no explicit professor title evidence",A_review_first
A5049158887,Ja‐Young Kwon,Yonsei University; University Health System; Yonsei University Health System,107,5,P0025; P0156; P0163; P0337; P0419,,,0.82,"strong network signal, but no explicit professor title evidence",A_review_first
A5100765035,Jinwoong Kim,Yonsei University,80,5,P0042; P0050; P0055; P0285; P0360,,,0.5,manual review needed,A_review_first
A5040217028,Sung Koo Lee,Ulsan College; Asan Medical Center; University of Ulsan,238,4,P0384; P0444; P0562; P0620,,,0.82,"strong network signal, but no explicit professor title evidence",A_review_first
A5017869417,Myung‐Hwan Kim,Korea Aerospace Research Institute,237,4,P0230; P0384; P0562; P0620,,,0.82,"strong network signal, but no explicit professor title evidence",A_review_first
A5086090575,Chul Soon Yong,Yeungnam University,147,4,P0142; P0149; P0179; P0204,,,0.82,"strong network signal, but no explicit professor title evidence",A_review_first
A5046649612,Byeong‐Seon Jeong,Yeungnam University,122,4,P0038; P0141; P0204; P0488,,,0.82,"strong network signal, but no explicit professor title evidence",A_review_first
A5026351538,Seung Tae Kim,Samsung Medical Center; Sungkyunkwan University,104,4,P0028; P0235; P0484; P0603,,,0.82,"strong network signal, but no explicit professor title evidence",A_review_first
A5041252674,Soon Il Kim,Inha University; Korea Polar Research Institute,120,4,P0326; P0357; P0378; P0653,,,0.5,manual review needed,A_review_first
A5078813466,Jin Kyun Park,Seoul National University; New Generation University College; Seoul National University Hospital,86,3,P0075; P0114; P0115,,,0.82,"strong network signal, but no explicit professor title evidence",A_review_first
A5011446304,Do Hyun Park,Asan Medical Center; University of Ulsan; Massachusetts Institute of Technology,198,3,P0444; P0562; P0620,,,0.82,"strong network signal, but no explicit professor title evidence",A_review_first
A5100657829,Tae‐Kyung Kim,Korea Food Research Institute,139,3,P0253; P0281; P0360,,,0.82,"strong network signal, but no explicit professor title evidence",A_review_first
A5073499303,Joohun Ha,Kyung Hee University,138,3,P0201; P0253; P0332,,,0.82,"strong network signal, but no explicit professor title evidence",A_review_first
A5041716011,Insug Kang,Kyung Hee University,119,3,P0168; P0200; P0332,,,0.82,"strong network signal, but no explicit professor title evidence",A_review_first
A5079476539,Cheon-Jei Kim,Konkuk University,117,3,P0226; P0253; P0281,,,0.82,"strong network signal, but no explicit professor title evidence",A_review_first
A5100656057,Sang Soo Lee,Dankook University,155,3,P0444; P0562; P0620,,,0.5,manual review needed,A_review_first
A5075335147,Tae Jun Song,Ulsan College; Asan Medical Center; University of Ulsan,126,2,P0562; P0620,,,0.82,"strong network signal, but no explicit professor title evidence",A_review_first
A5045179524,Seung Cheol Kim,Toronto Western Hospital,62,20,P0025; P0028; P0040; P0057; P0097; P0285; P0329; P0337; P0342; P0354; P0359; P0375; P0393; P0414; P0427; P0449; P0456; P0550; P0597; P0673,,,0.5,manual review needed,C_manual
A5100647740,Young Joo Park,Sutro Biopharma (United States),62,19,P0007; P0014; P0028; P0034; P0057; P0075; P0083; P0123; P0137; P0188; P0205; P0322; P0355; P0432; P0475; P0482; P0542; P0604; P0623,,,0.5,manual review needed,C_manual
A5100413793,Dong‐Hyun Kim,Northwestern University; University of Illinois Chicago,60,13,P0021; P0026; P0029; P0050; P0075; P0108; P0114; P0236; P0495; P0550; P0682; P0685; P0688,,,0.5,manual review needed,C_manual
A5059447980,Lee H. Smith,Biruni University; Addenbrooke's Hospital; Anglia Ruskin University,77,9,P0030; P0201; P0205; P0228; P0266; P0379; P0380; P0416; P0527,,,0.5,manual review needed,C_manual
A5051968629,Yong‐Su Jin,University of Illinois Urbana-Champaign; University of Illinois System; Center for Genomic Science; Carl R. Woese Institute for Genomic Biology,81,7,P0015; P0043; P0299; P0346; P0652; P0681; P0682,,,0.5,manual review needed,C_manual
A5075769495,Joon Chang,Tufts University,234,8,P0007; P0327; P0333; P0357; P0409; P0439; P0500; P0653,,,0.5,manual review needed,C_manual
A5023387547,Myong Cheol Lim,National Cancer Center; National Cancer Center,84,6,P0006; P0025; P0329; P0337; P0342; P0484,,,0.5,manual review needed,C_manual
A5070496886,Jae‐Hyuk Yu,University of Wisconsin–Madison,94,5,P0275; P0298; P0332; P0546; P0682,,,0.5,manual review needed,C_manual
A5035053381,Hyun Soon Lillehoj,Agricultural Research Service; Beltsville Agricultural Research Center,132,5,P0223; P0224; P0225; P0253; P0259,,,0.5,manual review needed,C_manual
A5100413485,Ji‐Hyun Lee,Gachon University; Brigham and Women's Hospital; University of Florida Health; University of Florida; Quantitative BioSciences; Ajou University Hospital; Chungnam National University Hospital; Kyung Hee University Hospital at Gangdong; UF Health Cancer Center,71,31,P0013; P0020; P0030; P0056; P0090; P0093; P0100; P0172; P0200; P0205; P0230; P0236; P0256; P0312; P0332; P0342; P0354; P0355; P0356; P0374; P0384; P0393; P0409; P0414; P0428; P0445; P0454; P0499; P0512; P0603; P0615,,,0.5,manual review needed,D_noise_check
A5021872568,Jae‐Joong Kim,"Inje University; Chonnam National University; Northwestern University; Ulsan College; Seoul National University of Science and Technology; University of Science and Technology; Pohang University of Science and Technology; University of Seoul; Gachon University; Boston Children's Hospital; Ministry of Health and Welfare; Target (United States); Korea Institute of Ocean Science and Technology; Kaiser Permanente; Harvard University; Ewha Womans University; Seoul National University; Soongsil University; Electronics and Telecommunications Research Institute; Hanbat National University; Hallym University; Chosun University; Korea Atomic Energy Research Institute; Korea Advanced Institute of Science and Technology; Seoul National University of Education; Kwangwoon University; University of California, Los Angeles; Chungbuk National University; Konyang University; Kangwon National University; Universidad Autónoma de Nuevo León; Genome Research Foundation; Korean Educational Development Institute; University of Toronto; Gyeongsang National University; Yonsei University; Korea University; Korea Maritime and Ocean University; Nexen (Canada); Eulji University; Samsung (South Korea); Konkuk University; Soonchunhyang University; National Research Foundation of Korea; University of Michigan; Severance Hospital; Korea University Medical Center; Korean Intellectual Property Office; Rural Development Administration; Korea Astronomy and Space Science Institute; Dong-A University Hospital; Agency for Defense Development; University Health System; Soonchunhyang University Hospital Seoul; Kyungpook National University Hospital; Asan Medical Center; Samsung Medical Center; New Generation University College; Seoul National University Hospital; Seoul National University Bundang Hospital; Sejong University; Korea Institute of Civil Engineering and Building Technology; Ansan University; Kyungpook National University; Kyung Hee University; University of Ulsan; Dunsan Korean Medicine Hospital; Sacred Heart Hospital; Korea Energy Economics Institute; Korea Institute of Oriental Medicine; National Horticultural Research Institute; Seoul Medical Center; Korea Institute of Radiological and Medical Sciences; Seoul Semiconductor (South Korea); National Cancer Center; Ministry of Agriculture, Food and Rural Affairs; Gyeongsang National University Hospital; Sacred Heart Hospital; Konkuk University Medical Center; St. Mary's Hospital; The Catholic University of Korea St. Vincent's Hospital; Chonnam National University Hospital; Kangnam Sacred Heart Hospital; Jeonbuk State Institute; Research Institute of Industrial Science and Technology; Korea Polar Research Institute; Hallym University Kangnam Sacred Heart Hospital; Korea National Institute of Health; Korea Institute of Fusion Energy; Kangbuk Samsung Hospital; Institute for Basic Science; Dongguk University Ilsan Hospital; The Catholic University of Korea Uijeongbu St. Mary's Hospital; Korea Institute of Materials Science; Inje University Ilsan Paik Hospital; Kangwon National University Hospital; Instituto de Ciencias Agrarias; Michigan United; Korea Institute of Machinery & Materials; Kyung Hee University Medical Center; St. Mary's Hospital; Korea Food Research Institute; Medico; Kim's Eye Hospital; Research & Development Institute; National Institute of Fisheries Science; Yonsei University Dental Hospital; Health Insurance Review and Assessment Service; National Cancer Center; Guangdong Urban & Rural Planning and Design Institute; Suwon Catholic University; National University College; Silla University; Korea Institute of Energy Research; Keimyung University Dongsan Medical Center; Sejong General Hospital; Supreme Prosecutors Office of the Republic of Korea; Ewha Womans University Medical Center; Green Technology Center; The Catholic University of Korea Bucheon St. Mary's Hospital; Regenerative Medicine Institute; Intelligent Energy (United Kingdom); Institute of Rural Development Planning; CHA University Bundang Medical Center; Kyung Hee University Dental Hospital; Ulsan University Hospital; Stanford Medicine; Gangneung Asan Hospital; Leon Wiltse Memorial Hospital; Korea Basic Science Institute; National Healthcare Service Center; Proteome Sciences (United Kingdom); Korea Institute of Geoscience and Mineral Resources; Chungnam National University Hospital; Myongji Hospital; Hanwha Solutions (South Korea); Gangnam Severance Hospital; St. Mary's Hospital; EuBiologics (South Korea); Convergence; Sacred Heart Hospital; Korea Disease Control and Prevention Agency; CHA University; Boston Children's Museum; Hallym University Dongtan Sacred Heart Hospital; Korea Research Institute of Chemical Technology; St. Paul's Hospital; Kyung Hee University Hospital at Gangdong; Inha University Hospital; Chung-Ang University Hospital; Hallym University Sacred Heart Hospital; The Catholic University of Korea Seoul St. Mary's Hospital; Association of Clinical Scientists; Yonsei University Health System; Korea University; Korea Railroad Research Institute; Incheon Medical Center; Jeju National University Hospital; Yonsei University College of Dentistry; Yonsei Cancer Hospital; Korea University Guro Hospital; Kyung Hee University Korean Medicine Hospital; CHA University Bundang Women's Medical Center; Yongin Severance Hospital; National Institute of Horticultural and Herbal Science; Chungnam National University Sejong Hospital; Research Institute for Future Medicine; Korea Construction Equipment Technology Institute; Korea University Anam Hospital; Eulji University Nowon Eulji Medical Center; Keimyung University Dongsan Hospital; Chung-Ang University Gwangmyeong Hospital; Ewha Womans University Seoul Hospital; Kyungpook National University Children's Hospital; Korea University Ansan Hospital; Korea Bioinformation Center; Hanyang University; Ulsan National Institute of Science and Technology; Pusan National University; Dong-A University; Keimyung University; Ajou University; Korea Institute of Science and Technology; Bucheon University; Chung-Ang University; Korea Research Institute of Bioscience and Biotechnology; Jeju National University; Rockefeller University; University of California, Davis; Sungkyunkwan University; Catholic University of Korea; Michigan State University; Korea Institute of Science & Technology Information; Korea University of Science and Technology; Korea Institute of Industrial Technology; The University of Texas Health Science Center at Houston; Anyang University; Stanford University",39,25,P0002; P0007; P0023; P0028; P0030; P0071; P0105; P0201; P0250; P0281; P0325; P0337; P0346; P0347; P0384; P0388; P0411; P0412; P0418; P0422; P0427; P0435; P0477; P0494; P0615,,,0.5,manual review needed,D_noise_check
A5100454659,Dong‐Hyun Kim,Sahmyook University,28,24,P0023; P0050; P0066; P0068; P0075; P0118; P0134; P0142; P0149; P0204; P0272; P0277; P0285; P0299; P0477; P0494; P0495; P0498; P0572; P0589; P0597; P0682; P0685; P0687,,,0.5,manual review needed,D_noise_check
A5006728335,Young Dae Kim,Yonsei University; Severance Hospital; Yonsei University Health System,87,22,P0007; P0014; P0030; P0034; P0052; P0068; P0099; P0253; P0291; P0319; P0326; P0379; P0380; P0416; P0434; P0446; P0504; P0515; P0535; P0601; P0615; P0642,,,0.5,manual review needed,D_noise_check
A5046657476,Jae‐Weon Kim,Seoul National University; New Generation University College; Seoul National University Hospital,159,22,P0006; P0025; P0028; P0057; P0064; P0068; P0253; P0318; P0329; P0337; P0342; P0389; P0409; P0484; P0503; P0511; P0526; P0587; P0589; P0594; P0621; P0631,,,0.5,manual review needed,D_noise_check
A5100719069,Tae Min Kim,Seoul National University; New Generation University College; Seoul National University Hospital,102,22,P0005; P0007; P0028; P0029; P0043; P0057; P0064; P0067; P0076; P0077; P0079; P0083; P0115; P0134; P0205; P0209; P0355; P0498; P0499; P0603; P0622; P0635,,,0.5,manual review needed,D_noise_check
A5100459358,Ki Hyun Kim,Sungkyunkwan University,98,21,P0003; P0026; P0040; P0042; P0055; P0097; P0138; P0167; P0168; P0187; P0209; P0222; P0258; P0286; P0295; P0303; P0337; P0405; P0562; P0615; P0631,,,0.5,manual review needed,D_noise_check
A5008009334,Hyesook Park,Ewha Womans University; National Institute of Meteorological Sciences,163,21,P0219; P0225; P0317; P0325; P0337; P0347; P0365; P0384; P0393; P0407; P0408; P0409; P0422; P0424; P0428; P0430; P0438; P0444; P0449; P0453; P0572,,,0.5,manual review needed,D_noise_check
A5036364665,Keon Wook Kang,Seoul National University; Cancer Research Institute; New Generation University College; Seoul National University Hospital; National University College,60,20,P0029; P0033; P0040; P0042; P0050; P0067; P0075; P0079; P0114; P0123; P0204; P0245; P0306; P0317; P0337; P0500; P0505; P0526; P0594; P0623,,,0.5,manual review needed,D_noise_check
A5100772286,Sanghee Kim,Seoul National University; Keimyung University,69,19,P0030; P0035; P0036; P0038; P0040; P0042; P0050; P0079; P0091; P0162; P0205; P0207; P0211; P0212; P0216; P0284; P0332; P0496; P0685,,,0.5,manual review needed,D_noise_check
A5042426937,Goo Taeg Oh,Ewha Womans University,59,19,P0028; P0034; P0042; P0204; P0205; P0220; P0277; P0315; P0317; P0319; P0361; P0387; P0388; P0441; P0447; P0493; P0568; P0615; P0669,,,0.5,manual review needed,D_noise_check
A5022219891,Jong‐Il Kim,Seoul National University; Kangwon National University; Cancer Research Institute; Agency for Defense Development; New Generation University College; Seoul National University Hospital; Seoul National University Bundang Hospital; Korea Institute of Ceramic Engineering and Technology; National University College,49,18,P0028; P0066; P0067; P0079; P0115; P0233; P0332; P0337; P0359; P0360; P0370; P0439; P0477; P0542; P0547; P0625; P0631; P0687,,,0.5,manual review needed,D_noise_check
A5100349156,Sang Hoon Lee,Yonsei University; Konkuk University; Severance Hospital; Konkuk University Medical Center,99,17,P0021; P0025; P0057; P0077; P0079; P0097; P0100; P0245; P0253; P0281; P0323; P0327; P0357; P0409; P0571; P0589; P0645,,,0.5,manual review needed,D_noise_check
A5022383639,Donghoon Choi,"Yonsei University; Severance Hospital; Gangnam Severance Hospital; NeoImmuneTech, Inc. (United States)",78,17,P0007; P0015; P0030; P0079; P0095; P0319; P0333; P0357; P0434; P0446; P0471; P0580; P0600; P0615; P0641; P0653; P0685,,,0.5,manual review needed,D_noise_check
A5008938100,Hoon Kook,Chonnam National University Hospital; Chonnam National University Hwasun Hospital,63,17,P0006; P0007; P0013; P0014; P0016; P0019; P0020; P0056; P0205; P0355; P0439; P0456; P0527; P0550; P0601; P0618; P0677,,,0.5,manual review needed,D_noise_check
A5001808763,Hae Soon Kim,Ewha Womans University; Daegu Catholic University Medical Center; Chonnam National University Hospital; Chosun University Hospital; Inje University Sanggye Paik Hospital; Keimyung University Dongsan Medical Center; Ewha Womans University Medical Center; Inha University Hospital; Keimyung University; Jeonbuk National University,67,16,P0205; P0337; P0365; P0395; P0397; P0407; P0422; P0429; P0436; P0439; P0444; P0448; P0449; P0453; P0456; P0631,,,0.5,manual review needed,D_noise_check
A5071885891,Won Seog Kim,Samsung Medical Center; Sungkyunkwan University,94,15,P0006; P0007; P0013; P0014; P0020; P0028; P0029; P0326; P0350; P0355; P0359; P0484; P0542; P0550; P0603,Yhim Ho-Young - Google 학술 검색,https://scholar.google.com/citations?user=GJH-aVIAAAAJ&hl=ko,0.5,manual review needed,D_noise_check
A5101805052,Jae Il Shin,Yonsei University; Severance Hospital; Yale University; Yonsei University Health System,61,15,P0028; P0201; P0205; P0228; P0266; P0357; P0378; P0379; P0380; P0407; P0416; P0484; P0527; P0601; P0628,,,0.5,manual review needed,D_noise_check
A5005534381,Nam‐Hyuk Cho,Seoul National University; New Generation University College; Seoul National University Hospital; Seoul National University Bundang Hospital,54,15,P0023; P0028; P0060; P0067; P0068; P0069; P0075; P0076; P0077; P0209; P0266; P0451; P0477; P0605; P0615,,,0.5,manual review needed,D_noise_check
A5078229156,Soo Young Choi,Ewha Womans University; Dong-A University Hospital,51,15,P0014; P0050; P0114; P0168; P0238; P0267; P0279; P0346; P0355; P0367; P0403; P0504; P0550; P0616; P0619,,,0.5,manual review needed,D_noise_check
A5043780534,Eun‐Jung Cho,Hallym University; Gyeongsang National University; Inha University; Sacred Heart Hospital; Hallym University Dongtan Sacred Heart Hospital; Sungkyunkwan University,50,15,P0006; P0025; P0028; P0030; P0031; P0034; P0043; P0079; P0086; P0182; P0205; P0231; P0427; P0477; P0562,,,0.5,manual review needed,D_noise_check
A5009312981,Myung‐Geun Shin,Chonnam National University; Chonnam National University Hwasun Hospital,114,15,P0006; P0013; P0014; P0016; P0019; P0020; P0030; P0137; P0220; P0355; P0449; P0527; P0553; P0594; P0615,,,0.5,manual review needed,D_noise_check
A5103121931,Jong-Ho Won,Soonchunhyang University Hospital Seoul,111,15,P0006; P0007; P0013; P0014; P0016; P0019; P0020; P0029; P0332; P0350; P0355; P0449; P0550; P0603; P0670,,,0.5,manual review needed,D_noise_check
A5020404601,Jee Hyun Kong,Yonsei University; Wonju Severance Christian Hospital,57,14,P0013; P0014; P0020; P0029; P0031; P0108; P0350; P0355; P0362; P0393; P0456; P0550; P0603; P0616,,,0.5,manual review needed,D_noise_check
A5002671654,Miae Lee,Chung-Ang University; Ewha Womans University; Ewha Womans University Medical Center; Ewha Womans University Mokdong Hospital; Kyung Hee University,54,14,P0241; P0281; P0333; P0347; P0355; P0361; P0374; P0384; P0408; P0409; P0429; P0444; P0445; P0449,,,0.5,manual review needed,D_noise_check
A5088274241,Jong‐Moo Park,Eulji University; Eulji University Uijeongbu Eulji Medical Center,251,14,P0005; P0297; P0337; P0379; P0380; P0416; P0434; P0446; P0532; P0533; P0534; P0535; P0595; P0615,,,0.5,manual review needed,D_noise_check
A5056221486,Yeo‐Kyeoung Kim,Veterans Health Service Medical Center,169,14,P0006; P0007; P0013; P0014; P0016; P0019; P0020; P0029; P0220; P0350; P0355; P0449; P0601; P0616,Impact of Community-Onset Methicillin-Resistant ...,https://pubmed.ncbi.nlm.nih.gov/30430778/,0.5,manual review needed,D_noise_check
A5100780621,Jin Seok Kim,Yonsei University; Severance Hospital; University of Ulsan; Gangnam Severance Hospital; Yonsei University Health System,142,14,P0007; P0013; P0014; P0019; P0020; P0029; P0355; P0357; P0429; P0481; P0550; P0553; P0603; P0670,Jin Seok Kim,https://orcid.org/0000-0001-8986-8436,0.5,manual review needed,D_noise_check
A5003089475,Yoon‐La Choi,Samsung Medical Center; Chonnam National University Hospital; Chonnam National University Hwasun Hospital,114,14,P0025; P0028; P0031; P0040; P0075; P0079; P0097; P0100; P0134; P0232; P0250; P0275; P0484; P0588,,,0.5,manual review needed,D_noise_check
A5100360915,Sang‐Won Lee,Soonchunhyang University,103,14,P0108; P0173; P0189; P0194; P0205; P0236; P0241; P0254; P0255; P0257; P0263; P0268; P0292; P0538,,,0.5,manual review needed,D_noise_check
A5091173137,Su Jin Cho,Ewha Womans University,88,13,P0297; P0317; P0337; P0355; P0359; P0365; P0393; P0407; P0436; P0444; P0448; P0453; P0456,,,0.5,manual review needed,D_noise_check
A5100698579,Wan Beom Park,Seoul National University; New Generation University College; Seoul National University Hospital; National University College,71,13,P0029; P0078; P0079; P0083; P0115; P0337; P0347; P0355; P0421; P0444; P0604; P0605; P0615,,,0.5,manual review needed,D_noise_check
A5100452365,Woo Jin Kim,Chungbuk National University; Kangwon National University; Kangwon National University Hospital; Korea Institute of Hydrological Survey,57,13,P0028; P0114; P0157; P0201; P0245; P0284; P0357; P0364; P0409; P0475; P0481; P0615; P0635,,,0.5,manual review needed,D_noise_check
A5035547791,Ji Sung Lee,Ulsan College; Korea University; Soonchunhyang University; Soonchunhyang University Hospital Seoul; Asan Medical Center; University of Ulsan; Yeungnam University Medical Center; Korea University; Yeungnam University,194,13,P0005; P0297; P0317; P0346; P0364; P0379; P0380; P0416; P0532; P0534; P0535; P0588; P0597,,,0.5,manual review needed,D_noise_check
A5101962595,Won Sik Lee,Inje University Busan Paik Hospital,97,12,P0007; P0013; P0014; P0019; P0020; P0029; P0253; P0355; P0449; P0550; P0603; P0616,,,0.5,manual review needed,D_noise_check
A5067482196,Junshik Hong,Seoul National University; New Generation University College; Seoul National University Hospital,93,12,P0007; P0013; P0014; P0020; P0029; P0115; P0306; P0355; P0359; P0362; P0550; P0603,,,0.5,manual review needed,D_noise_check
A5044271410,Oh Young Bang,Samsung Medical Center; Bio-Medical Science (South Korea); Sungkyunkwan University,66,12,P0099; P0219; P0326; P0379; P0380; P0416; P0439; P0532; P0533; P0535; P0600; P0615,,,0.5,manual review needed,D_noise_check
A5052165188,Chi Kyung Kim,Hallym University; Korea University Medical Center; Sacred Heart Hospital; Korea University; Hallym University Chuncheon Sacred Heart Hospital; Korea University Guro Hospital,64,12,P0007; P0297; P0319; P0326; P0337; P0379; P0380; P0416; P0530; P0532; P0533; P0535,,,0.5,manual review needed,D_noise_check
A5111893453,Hyeoung Joon Kim,Chonnam National University Hwasun Hospital; The Catholic University of Korea Seoul St. Mary's Hospital,62,12,P0006; P0007; P0013; P0019; P0020; P0350; P0355; P0449; P0457; P0527; P0550; P0615,,,0.5,manual review needed,D_noise_check
A5090733758,Kyusik Kang,Eulji University; Eulji University Nowon Eulji Medical Center,219,12,P0005; P0332; P0337; P0379; P0380; P0416; P0532; P0533; P0534; P0535; P0615; P0633,,,0.5,manual review needed,D_noise_check
A5069866514,Dong‐Eog Kim,Dongguk University; Dong-A University Hospital; Dongguk University Ilsan Hospital; National Cancer Center,189,12,P0003; P0005; P0007; P0096; P0258; P0284; P0297; P0325; P0380; P0532; P0535; P0615,,,0.5,manual review needed,D_noise_check
A5102771863,Jae‐Yong Kwak,Jeonbuk National University Hospital; Jeonbuk National University,109,12,P0007; P0013; P0014; P0019; P0020; P0332; P0355; P0362; P0550; P0603; P0616; P0670,,,0.5,manual review needed,D_noise_check
A5081706948,Chul Won Choi,Korea University; Korea University Medical Center; Korea University Guro Hospital,100,12,P0006; P0007; P0013; P0014; P0019; P0020; P0337; P0355; P0393; P0456; P0482; P0603,,,0.5,manual review needed,D_noise_check
A5090893923,Jae Min Jeong,Cell Biotech (South Korea),130,12,P0067; P0114; P0115; P0123; P0172; P0200; P0337; P0345; P0361; P0399; P0486; P0500,,,0.5,manual review needed,D_noise_check
A5006050449,Ki Won Lee,Seoul National University of Science and Technology; Seoul National University; Korea University; Advanced Institute of Convergence Technology,86,11,P0002; P0034; P0050; P0060; P0182; P0231; P0233; P0245; P0277; P0461; P0684,,,0.5,manual review needed,D_noise_check
A5072015543,Jong‐Won Ha,Yonsei University; Severance Hospital; Gangnam Severance Hospital; Yonsei University Health System,73,11,P0007; P0030; P0227; P0234; P0361; P0434; P0439; P0446; P0462; P0471; P0580,,,0.5,manual review needed,D_noise_check
A5006539124,Ji Hoe Heo,Yonsei University; Monash Health; CHA University Bundang Medical Center; Monash University,71,11,P0099; P0319; P0326; P0379; P0380; P0416; P0434; P0439; P0447; P0532; P0535,,,0.5,manual review needed,D_noise_check
A5086925583,Hyun‐Jong Cho,Kangwon National University,69,11,P0038; P0040; P0050; P0088; P0108; P0149; P0285; P0302; P0337; P0358; P0367,,,0.5,manual review needed,D_noise_check
A5017676398,Zae Young Ryoo,Kyungpook National University; National Institute of Animal Science,63,11,P0259; P0288; P0360; P0504; P0616; P0665; P0666; P0669; P0670; P0673; P0674,,,0.5,manual review needed,D_noise_check
A5071829277,Hee‐Joon Bae,Seoul National University; New Generation University College; Seoul National University Bundang Hospital; Monash Health; National University College,220,11,P0005; P0219; P0297; P0325; P0367; P0379; P0380; P0532; P0534; P0535; P0615,,,0.5,manual review needed,D_noise_check
A5054304061,Yeong Wook Song,Seoul National University; National University College,165,11,P0028; P0040; P0075; P0079; P0083; P0100; P0115; P0162; P0337; P0408; P0665,,,0.5,manual review needed,D_noise_check
A5100442882,Jun Lee,Ulsan College; Korea University; Soonchunhyang University; Soonchunhyang University Hospital Seoul; Asan Medical Center; University of Ulsan; Yeungnam University Medical Center; Jeju National University Hospital; Yeungnam University,91,10,P0005; P0214; P0297; P0379; P0380; P0412; P0416; P0532; P0535; P0633,,,0.5,manual review needed,D_noise_check
A5025413315,Suk Chon,Kyung Hee University,86,10,P0030; P0189; P0192; P0201; P0315; P0332; P0333; P0343; P0346; P0511,,,0.5,manual review needed,D_noise_check
A5100454615,Seung Hyun Kim,Ulsan College; University of Ulsan; Pusan National University Hospital; Hanyang University Seoul Hospital; Hanyang University; Pusan National University; Anyang University,78,10,P0005; P0014; P0079; P0152; P0153; P0154; P0284; P0422; P0429; P0582,,,0.5,manual review needed,D_noise_check
A5014597278,Ho‐Young Yhim,Jeonbuk National University Hospital; Jeonbuk National University,73,10,P0007; P0013; P0014; P0019; P0020; P0029; P0332; P0355; P0550; P0603,,,0.5,manual review needed,D_noise_check
A5065493625,Kyoung Heon Kim,Korea University; Korea Research Institute of Bioscience and Biotechnology,71,10,P0015; P0020; P0233; P0245; P0297; P0299; P0444; P0550; P0681; P0685,,,0.5,manual review needed,D_noise_check
A5087783301,Kyung‐Min Lim,Ewha Womans University; Ewha Womans University Medical Center,70,10,P0036; P0060; P0067; P0142; P0219; P0245; P0289; P0492; P0498; P0560,,,0.5,manual review needed,D_noise_check
A5070052023,Jae‐Kwan Cha,Dong-A University Hospital; Dong-A University,210,10,P0005; P0052; P0297; P0346; P0379; P0380; P0532; P0535; P0536; P0615,,,0.5,manual review needed,D_noise_check
A5036888293,Joon Ho Moon,Kyungpook National University Hospital; Seoul National University Bundang Hospital; Kyungpook National University,120,10,P0007; P0013; P0014; P0019; P0020; P0108; P0355; P0449; P0550; P0670,,,0.5,manual review needed,D_noise_check
A5039818244,Jeong‐Ho Hong,Daegu TechnoPark; Keimyung University Dongsan Medical Center; Keimyung University Dongsan Hospital; Keimyung University,115,10,P0007; P0036; P0099; P0326; P0379; P0416; P0430; P0447; P0532; P0535,,,0.5,manual review needed,D_noise_check
A5013507111,Bo Yeon Kim,Dong-A University,108,10,P0042; P0044; P0060; P0102; P0230; P0245; P0251; P0253; P0457; P0684,,,0.5,manual review needed,D_noise_check
A5029133016,Kwang‐Yeol Park,Kimpo University; Chung-Ang University Hospital; Chung-Ang University,98,9,P0052; P0219; P0357; P0379; P0380; P0416; P0532; P0533; P0535,,,0.5,manual review needed,D_noise_check
A5045189061,Byung Seok Moon,Ewha Womans University; Ewha Womans University Medical Center,87,9,P0075; P0123; P0233; P0318; P0349; P0350; P0359; P0405; P0526,,,0.5,manual review needed,D_noise_check
A5088071932,Hun‐Young Yoon,Konkuk University; Konkuk University Medical Center,79,9,P0108; P0255; P0256; P0257; P0258; P0265; P0267; P0268; P0269,,,0.5,manual review needed,D_noise_check
A5033463484,Keun‐Sik Hong,Inje University Ilsan Paik Hospital,193,9,P0005; P0030; P0297; P0379; P0380; P0532; P0535; P0569; P0615,,,0.5,manual review needed,D_noise_check
A5027741708,Jaemoon Koh,Seoul National University Hospital,131,9,P0028; P0057; P0060; P0075; P0076; P0079; P0115; P0493; P0615,,,0.5,manual review needed,D_noise_check
A5020684127,Jeong‐Taek Woo,Kyung Hee University,104,9,P0030; P0083; P0189; P0192; P0201; P0253; P0332; P0346; P0511,,,0.5,manual review needed,D_noise_check
A5051877787,Jinho Shin,Chonnam National University; Samsung Medical Center; Hanyang University Guri Hospital; Hanyang University Seoul Hospital; Hanyang University Medical Center; Hanyang University; Sungkyunkwan University; Korea Institute of Industrial Technology,78,8,P0319; P0434; P0446; P0511; P0515; P0525; P0580; P0631,,,0.5,manual review needed,D_noise_check
A5037270738,Man‐Seok Park,Chonnam National University Hospital,76,8,P0006; P0277; P0297; P0379; P0532; P0535; P0615; P0633,,,0.5,manual review needed,D_noise_check
A5100737773,Jong Seung Kim,University of Seoul; Chungbuk National University; Korea University; National University College; Korea University,74,8,P0095; P0108; P0149; P0253; P0255; P0368; P0466; P0486,,,0.5,manual review needed,D_noise_check
A5110279936,Kyung Bok Lee,Korea University; Korea University Medical Center; Soonchunhyang University Hospital Seoul; Asan Medical Center; Yeungnam University Medical Center; Korea University; Korea University Guro Hospital,203,8,P0005; P0208; P0257; P0297; P0380; P0532; P0535; P0615,,,0.5,manual review needed,D_noise_check
A5008573288,Kyung‐Ho Yu,Sacred Heart Hospital; Hallym University Sacred Heart Hospital,176,8,P0005; P0297; P0325; P0379; P0380; P0532; P0535; P0615,,,0.5,manual review needed,D_noise_check
A5028112172,Joong‐Bok Lee,Konkuk University; Konkuk University Medical Center,152,8,P0236; P0254; P0255; P0257; P0259; P0263; P0266; P0292,,,0.5,manual review needed,D_noise_check
A5068131006,Sung‐Il Sohn,Keimyung University Dongsan Medical Center; Keimyung University Dongsan Hospital; Keimyung University,131,8,P0099; P0297; P0326; P0379; P0416; P0532; P0535; P0633,,,0.5,manual review needed,D_noise_check
A5054227742,Byung‐Yong Kim,Chong Kun Dang Bio (South Korea),96,9,P0044; P0176; P0179; P0180; P0182; P0184; P0185; P0257; P0295,,,0.5,manual review needed,D_noise_check
A5017419314,Chi Young Shim,Yonsei University; Severance Hospital; Gangnam Severance Hospital; Yonsei University Health System,99,7,P0007; P0326; P0434; P0471; P0516; P0580; P0641,,,0.5,manual review needed,D_noise_check
A5043714352,Yun Jong Lee,Seoul National University; Seoul National University Bundang Hospital,91,7,P0040; P0077; P0115; P0123; P0398; P0408; P0542,,,0.5,manual review needed,D_noise_check
A5042376542,Song Yee Kim,Yonsei University; Severance Hospital; National Cancer Center; Hanyang University Seoul Hospital; Gangnam Severance Hospital; Yonsei University Health System,193,7,P0030; P0327; P0337; P0357; P0409; P0568; P0591,,,0.5,manual review needed,D_noise_check
A5002716006,In‐Soo Choi,Konkuk University; Konkuk University Medical Center,166,7,P0230; P0236; P0255; P0257; P0263; P0292; P0312,,,0.5,manual review needed,D_noise_check
A5101940430,Joon‐Tae Kim,"Eulji University; Seoul National University Bundang Hospital; Chonnam National University Hospital; Daejeon Eulji Medical Center, Eulji University; Jeju National University Hospital; Jeju National University",138,7,P0005; P0277; P0379; P0380; P0532; P0535; P0615,,,0.5,manual review needed,D_noise_check
A5022194885,Wi‐Sun Ryu,"Artificial Intelligence in Medicine (Canada); Chonnam National University Hospital; Dongguk University Ilsan Hospital; Eulji University; Eulji University Nowon Eulji Medical Center; Eulji University Uijeongbu Eulji Medical Center; Hallym University Dongtan Sacred Heart Hospital; JK Research (United States); Jeju National University Hospital; Korea University; Kyung Hee University Dental Hospital; National Cancer Center; Samsung Medical Center; Seoul National University; Seoul National University Bundang Hospital; Seoul National University Hospital; Ulsan College; University of California, Los Angeles; University of Ulsan",117,7,P0325; P0337; P0380; P0532; P0535; P0615; P0635,,,0.5,manual review needed,D_noise_check
A5021922923,In Kyoon Lyoo,Ewha Womans University; Ewha Womans University Medical Center,117,7,P0096; P0205; P0277; P0325; P0364; P0399; P0453,,,0.5,manual review needed,D_noise_check
A5101776387,Jin Ho Cho,Chungbuk National University,113,7,P0112; P0281; P0550; P0552; P0558; P0567; P0571,,,0.5,manual review needed,D_noise_check
A5050010599,Suk Ho Bhang,Sungkyunkwan University,102,7,P0007; P0022; P0052; P0077; P0226; P0246; P0403,,,0.5,manual review needed,D_noise_check
A5103570650,Namsik Chung,Ajou University,104,7,P0007; P0434; P0439; P0446; P0462; P0471; P0580,,,0.5,manual review needed,D_noise_check
A5019802351,Jee‐Hyun Kwon,Ulsan College; University of Ulsan; Ulsan University Hospital,94,6,P0005; P0007; P0297; P0379; P0532; P0535,,,0.5,manual review needed,D_noise_check
A5083433064,Hyuk‐Jae Chang,Yonsei University; Severance Hospital; University Health System; Gangnam Severance Hospital; Yonsei University Health System,90,6,P0075; P0201; P0434; P0446; P0511; P0516,,,0.5,manual review needed,D_noise_check
A5029061981,Tai Hwan Park,Seoul Medical Center,201,6,P0297; P0380; P0532; P0535; P0615; P0633,,,0.5,manual review needed,D_noise_check
A5060955101,Ji Ye Jung,Yonsei University; Severance Hospital; Gangnam Severance Hospital,146,6,P0245; P0327; P0357; P0409; P0485; P0589,,,0.5,manual review needed,D_noise_check
A5012866137,Kyoungho Suk,Kyungpook National University,115,6,P0209; P0418; P0550; P0669; P0673; P0678,,,0.5,manual review needed,D_noise_check
A5072090016,Kang‐Ho Choi,Chonnam National University Hospital,108,6,P0005; P0222; P0379; P0380; P0532; P0535,,,0.5,manual review needed,D_noise_check
A5029960265,Geu‐Ru Hong,Yonsei University; Severance Hospital; Gangnam Severance Hospital,80,5,P0007; P0326; P0434; P0618; P0641,,,0.5,manual review needed,D_noise_check
A5047005390,Moon‐Ku Han,Seoul National University; New Generation University College; Seoul National University Bundang Hospital,139,5,P0005; P0367; P0380; P0532; P0535,,,0.5,manual review needed,D_noise_check
A5001115601,Wook‐Joo Kim,Ulsan University Hospital,113,5,P0005; P0007; P0367; P0532; P0535,,,0.5,manual review needed,D_noise_check
A5049071741,Na Ra Yun,Chosun University; Gwangju Health University; Kyung Hee University; Kolon Industries (South Korea); Gwangju University,109,5,P0028; P0079; P0347; P0444; P0615,,,0.5,manual review needed,D_noise_check
A5100656062,Sang Soo Lee,Changwon National University,90,5,P0026; P0205; P0323; P0562; P0620,,,0.5,manual review needed,D_noise_check
A5032997162,Jong Seog Ahn,Korea Research Institute of Bioscience and Biotechnology,86,4,P0042; P0044; P0060; P0245,,,0.5,manual review needed,D_noise_check
A5028595908,Mi-Ai Lee,Institute of World Economics; World Institute of Kimchi,83,4,P0279; P0281; P0360; P0650,,,0.5,manual review needed,D_noise_check
A5100442880,Jun Lee,Korea University; Soonchunhyang University Hospital Seoul; Asan Medical Center; Chonnam National University Hospital; Hallym University Kangnam Sacred Heart Hospital; Kangdong Sacred Heart Hospital; Yeungnam University Medical Center; Korea University; Yeungnam University,114,4,P0412; P0532; P0535; P0615,,,0.5,manual review needed,D_noise_check
A5002067880,In Koo Hwang,Gangneung–Wonju National University; Seoul National University; Research Institute for Veterinary Science,112,4,P0180; P0238; P0267; P0550,,,0.5,manual review needed,D_noise_check
A5101926767,Seung Geun Yeo,Kyung Hee University; Kyung Hee University Medical Center; Kyung Hee University Dental Hospital; Kyung Hee University Hospital at Gangdong,92,3,P0201; P0332; P0412,,,0.5,manual review needed,D_noise_check
A5100733976,Dae‐Hyun Kim,Dong-A University Hospital; Dongguk University Ilsan Hospital,88,3,P0380; P0532; P0535,,,0.5,manual review needed,D_noise_check
A5052727983,In Su Kim,Sungkyunkwan University,135,3,P0086; P0257; P0685,,,0.5,manual review needed,D_noise_check
A5100370202,Dong‐Hun Lee,Chonnam National University; Konkuk University; Kyungpook National University; Dunsan Korean Medicine Hospital; Konkuk University Medical Center,122,3,P0254; P0255; P0257,,,0.5,manual review needed,D_noise_check
A5086969920,Chanhee Chae,Seoul National University; National University College,119,3,P0236; P0576; P0579,,,0.5,manual review needed,D_noise_check
A5110620354,Sang‐sup Jew,Seoul National University,105,3,P0038; P0053; P0685,,,0.5,manual review needed,D_noise_check
A5100658694,Hyun‐Wook Kim,Gyeongsang National University; Yonsei University; AgResearch; Yonsei University Health System; Yonsei Cancer Hospital,101,3,P0253; P0281; P0332,,,0.5,manual review needed,D_noise_check
A5082981280,Jeonghoon Han,Korea Institute of Ocean Science and Technology,93,2,P0108; P0137,,,0.5,manual review needed,D_noise_check
A5100643175,Yong‐Jin Cho,Seoul National University Hospital; Seoul National University Children's Hospital; Inje University Ilsan Paik Hospital; Hallym University Sacred Heart Hospital,119,2,P0532; P0535,,,0.5,manual review needed,D_noise_check
A5112773584,Choon‐Mee Kim,Chosun University,105,2,P0028; P0615,,,0.5,manual review needed,D_noise_check
