professor_id,works,학,병,연,산,sectors
P0484,79,0.532,0.646,0.0,0.089,학;병
P0028,411,0.652,0.903,0.007,0.277,학;병;산
P0166,85,0.976,0.0,0.082,0.047,학
P0466,60,1.0,0.0,0.083,0.0,학
P0057,98,0.918,0.122,0.286,0.0,학;연
P0079,107,0.832,0.308,0.019,0.0,학;병
P0192,48,0.604,0.0,0.604,0.208,학;연;산
P0040,151,0.967,0.04,0.146,0.007,학
P0544,37,0.946,0.027,0.0,0.027,학
P0762,121,0.992,0.033,0.017,0.008,학
P0409,137,0.854,0.38,0.007,0.007,학;병
P0524,30,0.7,0.5,0.067,0.0,학;병
P0677,49,0.959,0.082,0.0,0.0,학
P0755,36,1.0,0.0,0.028,0.0,학
P0031,17,0.471,0.941,0.0,0.0,학;병
P0354,41,0.805,0.439,0.049,0.0,학;병
P0502,16,1.0,0.0,0.0,0.0,학
P0210,49,1.0,0.0,0.0,0.0,학
P0388,72,0.986,0.083,0.0,0.0,학
P0042,133,1.0,0.0,0.023,0.0,학
P0155,24,1.0,0.375,0.0,0.0,학;병
P0746,35,0.914,0.686,0.429,0.086,학;병;연
P0181,91,1.0,0.0,0.011,0.0,학
P0194,181,1.0,0.006,0.006,0.0,학
P0757,43,1.0,0.0,0.0,0.0,학
P0291,125,0.968,0.016,0.016,0.032,학
P0655,19,1.0,0.0,0.105,0.0,학
P0482,72,0.958,0.542,0.014,0.014,학;병
P0068,46,0.913,0.043,0.087,0.0,학
P0341,43,0.767,0.279,0.0,0.07,학;병
P0104,42,1.0,0.0,0.024,0.0,학
P0676,31,1.0,0.0,0.0,0.0,학
P0359,35,1.0,0.171,0.0,0.0,학
P0536,176,1.0,0.04,0.017,0.034,학
P0010,72,0.986,0.0,0.236,0.014,학;연
P0008,32,1.0,0.0,0.062,0.031,학
P0002,83,1.0,0.0,0.193,0.012,학
P0392,27,0.593,0.519,0.0,0.0,학;병
P0361,24,0.833,0.125,0.042,0.0,학
P0326,65,0.831,0.431,0.046,0.031,학;병
P0364,40,0.975,0.05,0.0,0.0,학
P0582,54,0.907,0.204,0.0,0.0,학;병
P0590,107,0.897,0.112,0.14,0.037,학
P0451,45,0.933,0.044,0.044,0.0,학
P0092,79,1.0,0.038,0.0,0.0,학
P0075,150,0.893,0.34,0.12,0.053,학;병
P0078,68,0.941,0.471,0.029,0.0,학;병
P0211,29,1.0,0.034,0.034,0.0,학
P0525,11,0.273,0.818,0.0,0.0,학;병
P0627,44,0.568,0.659,0.023,0.023,학;병
P0644,28,0.75,0.25,0.0,0.0,학;병
P0670,26,0.731,0.154,0.115,0.0,학
P0759,82,0.817,0.171,0.11,0.0,학
P0249,10,0.9,0.0,0.1,0.1,학
P0322,73,0.63,0.74,0.0,0.0,학;병
P0414,82,0.805,0.671,0.0,0.0,학;병
P0177,12,1.0,0.083,0.0,0.0,학
P0485,83,0.867,0.687,0.0,0.0,학;병
P0330,25,0.92,0.12,0.0,0.0,학
P0025,189,0.847,0.915,0.026,0.026,학;병
P0703,53,1.0,0.0,0.0,0.0,학
P0097,76,0.842,0.237,0.0,0.0,학;병
P0697,23,1.0,0.0,0.0,0.0,학
P0440,30,0.933,0.233,0.0,0.0,학;병
P0095,71,1.0,0.028,0.014,0.0,학
P0630,31,0.129,0.903,0.0,0.0,병
P0394,43,0.907,0.674,0.0,0.0,학;병
P0021,109,0.936,0.028,0.211,0.0,학;연
P0427,62,0.984,0.129,0.0,0.016,학
P0449,43,0.977,0.163,0.0,0.0,학
P0813,110,0.927,0.191,0.055,0.073,학
P0375,22,1.0,0.0,0.045,0.0,학
P0386,69,0.957,0.246,0.0,0.0,학;병
P0431,29,0.931,0.483,0.0,0.0,학;병
P0240,25,1.0,0.0,0.0,0.0,학
P0055,136,1.0,0.0,0.015,0.0,학
P0285,96,0.958,0.115,0.031,0.01,학
P0134,32,0.938,0.281,0.062,0.125,학;병
P0745,103,0.981,0.0,0.33,0.0,학;연
P0011,61,0.705,0.0,1.0,0.033,학;연
P0015,38,1.0,0.0,0.0,0.0,학
P0018,17,1.0,0.0,0.0,0.0,학
P0503,58,1.0,0.017,0.086,0.0,학
P0560,91,1.0,0.0,0.0,0.022,학
P0006,177,0.91,0.989,0.023,0.232,학;병;산
P0135,69,0.87,0.029,0.029,0.101,학
P0475,78,1.0,0.115,0.026,0.0,학
P0221,20,1.0,0.0,0.0,0.0,학
P0717,24,1.0,0.042,0.0,0.0,학
P0739,102,1.0,0.01,0.02,0.0,학
P0253,231,0.615,0.268,0.143,0.091,학;병
P0355,135,0.933,0.259,0.0,0.0,학;병
P0376,41,0.976,0.195,0.024,0.024,학
P0091,24,0.917,0.083,0.125,0.0,학
P0437,21,0.952,0.333,0.0,0.0,학;병
P0250,46,0.761,0.565,0.087,0.174,학;병
P0572,10,1.0,0.0,0.0,0.0,학
P0567,19,1.0,0.0,0.0,0.0,학
P0678,49,0.898,0.0,0.143,0.0,학
P0674,46,1.0,0.0,0.0,0.0,학
P0775,21,1.0,0.0,0.0,0.0,학
P0694,20,0.65,0.55,0.05,0.0,학;병
P0099,119,0.975,0.017,0.025,0.008,학
P0218,22,1.0,0.0,0.0,0.0,학
P0776,14,0.929,0.071,0.0,0.0,학
P0144,30,0.667,0.9,0.0,0.0,학;병
P0029,145,0.338,0.917,0.083,0.0,학;병
P0098,33,1.0,0.03,0.0,0.0,학
P0731,211,0.991,0.0,0.014,0.005,학
P0752,25,0.96,0.2,0.0,0.0,학;병
P0735,1,1.0,0.0,0.0,0.0,
P0441,23,0.696,0.217,0.087,0.0,학;병
P0412,75,0.96,0.2,0.013,0.0,학;병
P0096,36,0.361,0.0,0.694,0.0,학;연
P0043,105,1.0,0.0,0.0,0.0,학
P0233,52,0.923,0.115,0.0,0.0,학
P0665,70,0.986,0.029,0.0,0.0,학
P0044,107,0.953,0.028,0.065,0.0,학
P0205,260,0.792,0.215,0.081,0.046,학;병
P0721,63,0.81,0.222,0.032,0.0,학;병
P0056,128,1.0,0.0,0.0,0.0,학
P0007,285,0.782,0.204,0.235,0.042,학;병;연
P0729,81,0.975,0.086,0.0,0.0,학
P0381,17,1.0,0.0,0.0,0.0,학
P0328,14,0.857,0.429,0.0,0.071,학;병
P0246,71,1.0,0.042,0.014,0.0,학
P0212,97,0.99,0.0,0.093,0.0,학
P0493,73,0.973,0.027,0.0,0.0,학
P0693,80,0.95,0.025,0.037,0.0,학
P0340,68,0.882,0.25,0.0,0.074,학;병
P0594,56,0.696,0.339,0.107,0.0,학;병
P0498,38,0.868,0.0,0.0,0.211,학;산
P0179,48,0.854,0.0,0.042,0.104,학
P0777,21,0.905,0.095,0.0,0.0,학
P0219,165,0.952,0.036,0.024,0.03,학
P0327,19,0.947,0.368,0.0,0.053,학;병
P0241,45,0.867,0.0,0.133,0.0,학
P0036,82,1.0,0.0,0.012,0.0,학
P0679,31,0.839,0.032,0.226,0.0,학;연
P0400,7,1.0,0.143,0.0,0.0,학
P0642,50,0.8,0.46,0.0,0.0,학;병
P0624,28,0.464,0.643,0.0,0.0,학;병
P0602,13,0.538,0.538,0.0,0.0,학;병
P0730,231,0.766,0.065,0.221,0.009,학;연
P0673,111,0.964,0.135,0.018,0.0,학
P0606,10,0.7,0.3,0.0,0.0,학;병
P0609,20,0.45,0.55,0.0,0.0,학;병
P0050,151,0.907,0.093,0.113,0.066,학
P0666,77,0.974,0.026,0.0,0.0,학
P0514,70,0.986,0.371,0.014,0.0,학;병
P0631,80,0.775,0.55,0.05,0.025,학;병
P0610,14,0.786,0.286,0.071,0.0,학;병
P0187,76,0.961,0.053,0.171,0.026,학
P0625,139,0.727,0.396,0.094,0.007,학;병
P0704,1,1.0,0.0,0.0,0.0,
P0626,23,0.652,0.304,0.043,0.0,학;병
P0281,256,0.039,0.0,0.996,0.0,연
P0351,46,0.957,0.152,0.0,0.022,학
P0595,3,0.333,0.667,0.0,0.0,병
P0622,19,0.789,0.842,0.0,0.0,학;병
P0329,37,0.784,0.622,0.027,0.135,학;병
P0342,103,0.922,0.641,0.029,0.0,학;병
P0639,26,0.731,0.462,0.0,0.0,학;병
P0435,36,0.667,0.528,0.028,0.028,학;병
P0671,15,1.0,0.0,0.0,0.0,학
P0617,20,0.15,0.9,0.0,0.0,병
P0778,21,0.952,0.143,0.0,0.0,학
P0370,27,1.0,0.0,0.0,0.0,학
P0422,53,0.981,0.151,0.0,0.0,학
P0115,238,0.752,0.412,0.055,0.008,학;병
P0074,35,0.771,0.0,0.371,0.143,학;연
P0733,139,0.942,0.007,0.906,0.0,학;연
P0188,63,0.381,0.0,0.762,0.0,학;연
P0527,91,0.967,0.802,0.022,0.0,학;병
P0226,175,1.0,0.011,0.011,0.0,학
P0201,231,0.926,0.502,0.017,0.0,학;병
P0648,50,1.0,0.0,0.0,0.0,학
P0568,26,0.962,0.115,0.115,0.0,학
P0034,105,0.99,0.01,0.019,0.0,학
P0030,270,0.874,0.633,0.07,0.011,학;병
P0722,161,0.559,0.789,0.025,0.006,학;병
P0548,92,1.0,0.0,0.011,0.0,학
P0236,113,0.991,0.009,0.0,0.0,학
P0136,44,0.977,0.0,0.045,0.0,학
P0279,119,0.899,0.101,0.025,0.0,학
P0681,97,1.0,0.0,0.052,0.0,학
P0751,48,1.0,0.0,0.021,0.0,학
P0230,168,1.0,0.0,0.03,0.0,학
P0234,122,0.992,0.008,0.033,0.0,학
P0083,130,0.938,0.1,0.031,0.0,학
P0405,35,0.457,0.829,0.0,0.0,학;병
P0254,95,0.884,0.168,0.021,0.032,학
P0207,73,1.0,0.0,0.082,0.0,학
P0238,37,0.541,0.0,0.568,0.0,학;연
P0596,23,0.478,0.478,0.0,0.043,학;병
P0546,23,1.0,0.0,0.043,0.043,학
P0699,137,1.0,0.007,0.372,0.007,학;연
P0299,45,1.0,0.0,0.489,0.022,학;연
P0550,762,0.967,0.051,0.028,0.003,학
P0411,4,0.0,0.25,0.75,0.0,연
P0597,91,0.89,0.143,0.022,0.0,학
P0620,61,0.344,0.787,0.0,0.0,학;병
P0725,39,0.949,0.0,0.128,0.026,학
P0742,83,0.88,0.0,0.301,0.0,학;연
P0333,83,0.904,0.325,0.036,0.0,학;병
P0643,16,0.188,1.0,0.0,0.0,병
P0016,39,0.949,0.051,0.128,0.026,학
P0618,36,0.417,0.778,0.0,0.0,학;병
P0763,36,0.861,0.028,0.278,0.0,학;연
P0638,15,0.6,0.4,0.0,0.0,학;병
P0009,26,0.923,0.0,0.154,0.0,학
P0700,83,0.988,0.0,0.06,0.024,학
P0347,59,0.847,0.576,0.0,0.0,학;병
P0543,6,1.0,0.0,0.0,0.0,학
P0444,86,0.942,0.384,0.023,0.012,학;병
P0022,93,1.0,0.108,0.054,0.0,학
P0562,161,0.839,0.677,0.025,0.0,학;병
P0065,20,0.75,0.3,0.0,0.0,학;병
P0636,43,0.977,0.209,0.0,0.0,학;병
P0294,56,1.0,0.0,0.036,0.0,학
P0494,19,0.947,0.158,0.0,0.0,학
P0682,84,1.0,0.0,0.0,0.012,학
P0802,67,0.985,0.015,0.134,0.0,학
P0601,23,0.826,0.261,0.0,0.0,학;병
P0685,178,0.983,0.017,0.039,0.028,학
P0603,47,0.574,0.66,0.0,0.0,학;병
P0283,18,1.0,0.0,0.0,0.0,학
P0027,6,0.667,0.667,0.0,0.0,학;병
P0024,57,0.86,1.0,0.0,0.018,학;병
P0019,46,0.022,1.0,0.0,0.0,병
P0020,175,0.04,0.983,0.0,0.0,병
P0014,133,0.188,0.992,0.008,0.0,병
P0013,249,0.201,0.988,0.004,0.012,학;병
P0306,103,0.709,0.204,0.223,0.029,학;병;연
P0255,80,0.963,0.075,0.013,0.0,학
P0257,166,0.958,0.084,0.06,0.012,학
P0652,27,0.926,0.0,0.259,0.0,학;연
P0204,62,1.0,0.0,0.0,0.0,학
P0744,38,0.842,0.053,0.132,0.0,학
P0304,9,1.0,0.0,0.0,0.0,학
P0090,55,1.0,0.0,0.055,0.0,학
P0558,64,0.984,0.016,0.078,0.0,학
P0542,189,1.0,0.037,0.005,0.095,학
P0119,23,0.696,0.0,0.348,0.0,학;연
P0589,17,0.471,0.412,0.176,0.0,학;병
P0223,56,0.804,0.0,0.25,0.0,학;연
P0587,104,0.962,0.173,0.0,0.0,학
P0511,39,0.769,0.718,0.0,0.051,학;병
P0231,114,1.0,0.009,0.018,0.0,학
P0105,39,1.0,0.077,0.026,0.0,학
P0066,166,1.0,0.114,0.096,0.006,학
P0278,7,1.0,0.0,0.0,0.0,학
P0434,97,0.825,0.66,0.021,0.0,학;병
P0429,44,0.977,0.273,0.0,0.0,학;병
P0806,50,1.0,0.0,0.0,0.0,학
P0282,19,1.0,0.0,0.0,0.0,학
P0469,9,1.0,0.0,0.0,0.0,학
P0225,93,1.0,0.0,0.0,0.0,학
P0407,53,0.943,0.283,0.019,0.0,학;병
P0456,38,1.0,0.158,0.0,0.0,학
P0315,33,1.0,0.0,0.0,0.0,학
P0696,48,1.0,0.0,0.0,0.0,학
P0260,36,0.889,0.139,0.0,0.028,학
P0303,24,1.0,0.0,0.042,0.042,학
P0174,61,1.0,0.0,0.016,0.0,학
P0616,68,0.765,0.5,0.029,0.0,학;병
P0766,26,1.0,0.038,0.0,0.0,학
P0222,40,1.0,0.0,0.0,0.0,학
P0684,95,0.926,0.0,0.211,0.021,학;연
P0384,97,0.866,0.258,0.0,0.021,학;병
P0445,95,0.863,0.2,0.0,0.0,학;병
P0509,13,0.923,0.462,0.0,0.077,학;병
P0774,42,0.333,0.0,0.786,0.048,학;연
P0586,15,0.2,0.8,0.0,0.0,학;병
P0209,143,0.993,0.0,0.042,0.007,학
P0621,35,0.057,0.943,0.0,0.0,병
P0727,82,1.0,0.0,0.0,0.0,학
P0726,39,0.769,0.308,0.026,0.0,학;병
P0430,12,0.833,0.583,0.0,0.0,학;병
P0687,104,1.0,0.0,0.01,0.0,학
P0314,3,1.0,0.0,0.0,0.0,학
P0585,14,0.571,0.429,0.0,0.0,학;병
P0438,41,1.0,0.146,0.0,0.024,학
P0189,118,0.839,0.085,0.11,0.0,학
P0178,61,1.0,0.0,0.098,0.0,학
P0628,14,0.071,0.929,0.0,0.0,병
P0807,5,1.0,0.2,0.2,0.0,학
P0668,12,0.917,0.667,0.0,0.0,학;병
P0356,28,0.929,0.571,0.0,0.0,학;병
P0446,107,0.86,0.439,0.0,0.009,학;병
P0063,171,0.737,0.088,0.082,0.263,학;산
P0173,163,1.0,0.0,0.006,0.0,학
P0142,92,1.0,0.011,0.0,0.011,학
P0289,51,0.843,0.0,0.137,0.02,학
P0137,461,0.976,0.011,0.024,0.011,학
P0033,37,1.0,0.054,0.0,0.0,학
P0689,39,0.872,0.256,0.0,0.0,학;병
P0600,18,0.833,0.167,0.0,0.0,학
P0719,32,0.969,0.031,0.0,0.0,학
P0708,125,1.0,0.008,0.008,0.008,학
P0428,120,0.892,0.308,0.0,0.008,학;병
P0302,43,0.884,0.0,0.256,0.093,학;연
P0379,233,0.983,0.24,0.004,0.0,학;병
P0416,113,0.929,0.283,0.0,0.0,학;병
P0489,55,0.873,0.0,0.127,0.0,학
P0077,68,0.971,0.044,0.0,0.0,학
P0486,56,0.804,0.107,0.179,0.018,학
P0286,47,1.0,0.0,0.0,0.0,학
P0380,13,0.846,0.538,0.0,0.0,학;병
P0635,66,0.348,0.727,0.061,0.015,학;병
P0574,31,0.839,0.161,0.032,0.065,학
P0266,55,0.873,0.036,0.327,0.018,학;연
P0569,18,1.0,0.0,0.056,0.0,학
P0393,66,0.97,0.136,0.0,0.0,학
P0346,215,0.865,0.363,0.051,0.051,학;병
P0228,98,0.959,0.041,0.01,0.071,학
P0576,74,0.797,0.0,0.216,0.0,학;연
P0131,49,0.98,0.0,0.02,0.0,학
P0390,69,0.87,0.681,0.058,0.0,학;병
P0565,38,1.0,0.0,0.0,0.0,학
P0564,49,0.98,0.061,0.0,0.0,학
P0365,32,0.938,0.188,0.031,0.0,학
P0623,42,0.833,0.214,0.0,0.0,학;병
P0547,80,1.0,0.0,0.013,0.138,학
P0325,116,0.974,0.802,0.009,0.009,학;병
P0716,65,1.0,0.015,0.0,0.015,학
P0760,42,0.857,0.19,0.071,0.0,학
P0424,18,0.278,0.556,0.278,0.0,학;병;연
P0060,110,0.955,0.045,0.118,0.009,학
P0012,377,0.952,0.005,0.056,0.005,학
P0215,17,1.0,0.0,0.0,0.0,학
P0788,14,1.0,0.0,0.0,0.0,학
P0651,31,0.839,0.0,0.194,0.0,학
P0808,44,0.955,0.068,0.045,0.0,학
P0563,50,1.0,0.0,0.02,0.0,학
P0349,86,0.942,0.349,0.0,0.0,학;병
P0540,21,1.0,0.0,0.0,0.0,학
P0706,41,1.0,0.0,0.146,0.0,학
P0366,64,0.953,0.391,0.031,0.0,학;병
P0598,1,1.0,0.0,0.0,0.0,
P0782,33,1.0,0.03,0.0,0.0,학
P0783,52,0.923,0.135,0.038,0.0,학
P0695,25,1.0,0.0,0.0,0.0,학
P0389,36,0.889,0.667,0.0,0.028,학;병
P0243,82,0.939,0.0,0.061,0.012,학
P0284,34,0.912,0.088,0.0,0.0,학
P0337,299,0.729,0.512,0.077,0.033,학;병
P0817,30,0.967,0.033,0.1,0.0,학
P0321,1,0.0,1.0,0.0,0.0,
P0487,30,0.967,0.033,0.0,0.0,학
P0799,20,0.75,0.0,0.35,0.0,학;연
P0454,37,0.838,0.811,0.054,0.0,학;병
P0580,71,0.296,0.718,0.028,0.0,학;병
P0641,12,0.5,0.667,0.0,0.0,학;병
P0535,137,0.584,0.934,0.0,0.007,학;병
P0599,24,0.792,0.292,0.0,0.0,학;병
P0032,76,0.605,0.421,0.0,0.0,학;병
P0367,60,0.85,0.233,0.083,0.0,학;병
P0461,16,0.875,0.0,0.0,0.125,학
P0453,56,0.982,0.071,0.0,0.0,학
P0317,81,0.704,0.42,0.0,0.0,학;병
P0374,35,0.943,0.8,0.0,0.0,학;병
P0588,53,0.717,0.245,0.019,0.094,학;병
P0319,31,0.871,0.484,0.0,0.032,학;병
P0334,39,1.0,0.564,0.0,0.0,학;병
P0809,37,1.0,0.0,0.0,0.0,학
P0442,27,0.889,0.519,0.0,0.0,학;병
P0458,8,1.0,0.0,0.0,0.0,학
P0064,126,0.81,0.73,0.421,0.016,학;병;연
P0415,32,0.938,0.344,0.0,0.0,학;병
P0224,89,1.0,0.0,0.034,0.0,학
P0245,78,0.769,0.038,0.295,0.026,학;연
P0038,42,1.0,0.0,0.024,0.0,학
P0488,54,1.0,0.019,0.0,0.0,학
P0439,63,0.46,0.698,0.079,0.0,학;병
P0358,47,0.915,0.362,0.064,0.0,학;병
P0290,16,1.0,0.0,0.0,0.0,학
P0148,34,0.971,0.0,0.029,0.0,학
P0244,19,1.0,0.053,0.0,0.0,학
P0612,14,0.357,0.643,0.0,0.0,학;병
P0632,15,0.667,0.867,0.0,0.0,학;병
P0447,22,0.909,0.045,0.091,0.0,학
P0692,58,1.0,0.0,0.0,0.0,학
P0259,14,1.0,0.0,0.0,0.0,학
P0162,81,0.938,0.123,0.049,0.012,학
P0413,1,1.0,1.0,0.0,0.0,
P0139,24,1.0,0.0,0.0,0.0,학
P0723,39,0.949,0.0,0.051,0.0,학
P0533,60,0.883,0.85,0.05,0.033,학;병
P0140,41,1.0,0.0,0.122,0.0,학
P0216,77,0.922,0.078,0.026,0.026,학
P0107,30,1.0,0.1,0.167,0.067,학
P0182,150,0.987,0.007,0.047,0.007,학
P0026,135,0.978,0.067,0.089,0.007,학
P0805,48,1.0,0.0,0.0,0.0,학
P0771,40,0.95,0.175,0.025,0.025,학
P0605,25,0.76,0.4,0.0,0.0,학;병
P0175,30,1.0,0.0,0.0,0.0,학
P0399,90,0.911,0.089,0.022,0.078,학
P0465,37,1.0,0.0,0.0,0.0,학
P0749,23,0.913,0.0,0.391,0.0,학;연
P0732,40,0.95,0.075,0.0,0.0,학
P0654,41,1.0,0.0,0.0,0.0,학
P0772,28,1.0,0.0,0.036,0.0,학
P0180,60,1.0,0.0,0.0,0.0,학
P0516,15,0.533,0.867,0.0,0.0,학;병
P0069,54,0.852,0.056,0.759,0.333,학;연;산
P0779,17,0.529,0.0,0.588,0.0,학;연
P0804,57,0.93,0.0,0.07,0.0,학
P0811,70,1.0,0.014,0.0,0.0,학
P0163,30,1.0,0.3,0.133,0.033,학;병
P0591,45,0.933,0.067,0.0,0.0,학
P0688,31,1.0,0.0,0.032,0.0,학
P0481,86,0.977,0.093,0.0,0.058,학
P0686,54,1.0,0.019,0.0,0.0,학
P0786,20,0.95,0.15,0.05,0.0,학
P0273,3,0.0,1.0,0.0,0.0,병
P0185,87,1.0,0.0,0.011,0.0,학
P0280,36,1.0,0.0,0.0,0.028,학
P0462,48,0.938,0.0,0.083,0.0,학
P0277,65,0.969,0.046,0.015,0.0,학
P0344,11,1.0,0.545,0.0,0.0,학;병
P0728,133,0.639,0.316,0.278,0.053,학;병;연
P0053,50,0.9,0.0,0.56,0.02,학;연
P0785,13,1.0,0.0,0.0,0.0,학
P0803,18,1.0,0.0,0.0,0.0,학
P0529,12,1.0,0.0,0.0,0.0,학
P0350,38,0.921,0.184,0.0,0.0,학
P0669,47,1.0,0.0,0.0,0.0,학
P0242,87,0.966,0.0,0.218,0.011,학;연
P0195,36,0.944,0.056,0.222,0.0,학;연
P0093,32,1.0,0.188,0.0,0.062,학
P0526,102,0.667,0.833,0.0,0.0,학;병
P0737,46,0.978,0.0,0.37,0.022,학;연
P0408,167,0.689,0.311,0.072,0.186,학;병
P0683,43,0.953,0.0,0.07,0.0,학
P0237,3,1.0,0.0,0.0,0.0,학
P0208,61,0.967,0.066,0.016,0.016,학
P0645,61,1.0,0.0,0.0,0.0,학
P0296,1,1.0,0.0,0.0,0.0,
P0200,98,0.857,0.5,0.01,0.0,학;병
P0464,32,0.938,0.062,0.0,0.031,학
P0398,95,0.347,0.705,0.011,0.0,학;병
P0557,35,0.971,0.0,0.4,0.0,학;연
P0149,190,1.0,0.0,0.011,0.005,학
P0753,141,0.957,0.021,0.851,0.0,학;연
P0251,48,0.958,0.125,0.0,0.042,학
P0275,28,1.0,0.0,0.0,0.036,학
P0532,208,0.606,0.745,0.0,0.01,학;병
P0085,15,1.0,0.067,0.067,0.0,학
P0213,18,0.944,0.111,0.0,0.0,학
P0176,60,1.0,0.0,0.0,0.0,학
P0740,36,1.0,0.0,0.028,0.0,학
P0220,51,1.0,0.0,0.0,0.0,학
P0274,27,1.0,0.037,0.0,0.0,학
P0071,28,1.0,0.071,0.25,0.0,학;연
P0100,48,0.979,0.0,0.021,0.021,학
P0158,10,0.9,0.2,0.1,0.0,학;병
P0709,87,0.851,0.126,0.046,0.0,학
P0492,21,0.762,0.048,0.333,0.0,학;연
P0530,5,1.0,0.0,0.0,0.0,학
P0297,151,0.907,0.126,0.199,0.0,학
P0331,33,0.727,0.576,0.0,0.091,학;병
P0713,40,1.0,0.0,0.0,0.0,학
P0791,6,1.0,0.0,0.0,0.0,학
P0714,87,0.667,0.0,0.414,0.0,학;연
P0718,13,0.769,0.0,0.0,0.231,학;산
P0114,125,0.896,0.36,0.096,0.008,학;병
P0712,37,0.973,0.027,0.0,0.0,학
P0555,8,1.0,0.0,0.0,0.0,학
P0352,52,0.365,0.808,0.019,0.0,학;병
P0463,45,0.978,0.0,0.022,0.044,학
P0159,9,1.0,0.0,0.111,0.0,학
P0497,26,1.0,0.0,0.308,0.0,학;연
P0345,46,0.826,0.5,0.022,0.0,학;병
P0455,18,0.889,0.389,0.0,0.0,학;병
P0391,7,0.714,0.571,0.0,0.0,학;병
P0335,3,1.0,0.667,0.0,0.0,학;병
P0199,34,0.853,0.0,0.353,0.0,학;연
P0720,55,0.891,0.073,0.073,0.018,학
P0741,122,1.0,0.0,0.025,0.0,학
P0023,69,0.986,0.029,0.043,0.014,학
P0649,106,0.972,0.038,0.047,0.019,학
P0495,41,0.976,0.049,0.0,0.0,학
P0239,42,1.0,0.0,0.0,0.0,학
P0235,79,1.0,0.0,0.076,0.0,학
P0084,54,1.0,0.167,0.111,0.019,학
P0153,50,0.94,0.42,0.02,0.02,학;병
P0491,28,1.0,0.0,0.0,0.0,학
P0477,71,0.775,0.296,0.169,0.014,학;병
P0076,64,0.953,0.125,0.031,0.0,학
P0797,68,1.0,0.0,0.0,0.0,학
P0537,23,1.0,0.0,0.0,0.0,학
P0132,38,1.0,0.0,0.0,0.0,학
P0549,30,1.0,0.0,0.0,0.0,학
P0184,45,1.0,0.0,0.0,0.0,학
P0496,59,1.0,0.051,0.0,0.0,학
P0784,2,1.0,0.0,0.0,0.0,학
P0701,39,1.0,0.0,0.026,0.0,학
P0067,84,0.988,0.083,0.19,0.0,학
P0154,36,0.75,0.333,0.0,0.0,학;병
P0768,75,0.293,0.733,0.053,0.0,학;병
P0619,62,0.565,0.339,0.194,0.0,학;병
P0403,81,0.284,0.889,0.049,0.012,학;병
P0198,46,0.935,0.109,0.065,0.065,학
P0552,172,1.0,0.006,0.035,0.017,학
P0637,4,0.75,0.25,0.0,0.0,학
P0128,1,1.0,0.0,0.0,0.0,
P0443,76,0.895,0.132,0.026,0.013,학
P0611,6,0.667,0.333,0.0,0.0,학;병
P0217,1,1.0,0.0,0.0,0.0,
P0052,51,0.922,0.196,0.0,0.0,학
P0657,56,0.964,0.054,0.054,0.018,학
P0473,50,0.92,0.84,0.14,0.0,학;병
P0252,49,1.0,0.0,0.0,0.0,학
P0035,31,1.0,0.0,0.0,0.0,학
P0086,63,0.984,0.016,0.016,0.0,학
P0272,60,0.867,0.1,0.117,0.0,학
P0577,8,0.75,0.875,0.0,0.0,학;병
P0214,80,0.975,0.15,0.025,0.025,학
P0539,2,1.0,0.0,0.0,0.0,학
P0292,33,0.97,0.0,0.03,0.0,학
P0287,21,1.0,0.0,0.0,0.0,학
P0810,1,1.0,0.0,0.0,0.0,
P0570,4,1.0,0.25,0.0,0.0,학
P0518,26,0.962,0.0,0.038,0.0,학
P0501,19,0.579,0.053,0.842,0.0,학;연
P0656,28,1.0,0.0,0.0,0.0,학
P0288,27,0.963,0.0,0.037,0.074,학
P0561,5,1.0,0.0,0.0,0.0,학
P0519,22,1.0,0.182,0.0,0.0,학
P0505,37,1.0,0.0,0.0,0.0,학
P0629,17,0.765,0.235,0.0,0.0,학;병
P0520,3,1.0,0.0,0.0,0.0,학
P0765,28,0.643,0.429,0.0,0.0,학;병
P0531,29,0.862,0.483,0.069,0.138,학;병
P0551,31,0.903,0.161,0.065,0.0,학
P0102,57,0.965,0.018,0.105,0.0,학
P0425,1,1.0,1.0,0.0,0.0,
P0734,73,0.904,0.014,0.301,0.055,학;연
P0268,31,0.903,0.129,0.129,0.0,학
P0378,44,0.773,0.523,0.045,0.0,학;병
P0690,75,0.64,0.507,0.027,0.053,학;병
P0659,34,0.912,0.294,0.059,0.0,학;병
P0787,19,0.368,0.842,0.105,0.0,학;병
P0504,14,0.643,0.143,0.286,0.0,학;연
P0312,90,0.889,0.033,0.122,0.011,학
P0754,31,1.0,0.0,0.258,0.0,학;연
P0816,54,0.963,0.074,0.037,0.0,학
P0556,34,0.647,0.0,0.353,0.0,학;연
P0795,16,0.5,0.062,0.5,0.0,학;연
P0127,49,1.0,0.0,0.061,0.0,학
P0478,4,1.0,0.75,0.0,0.0,학;병
P0579,18,1.0,0.056,0.0,0.0,학
P0311,95,1.0,0.0,0.011,0.0,학
P0781,15,1.0,0.0,0.0,0.0,학
P0711,37,1.0,0.027,0.0,0.0,학
P0373,13,0.923,0.538,0.0,0.0,학;병
P0087,20,0.95,0.0,0.2,0.0,학;연
P0269,42,0.881,0.167,0.024,0.0,학
P0383,27,1.0,0.704,0.0,0.0,학;병
P0157,65,1.0,0.0,0.0,0.0,학
P0715,87,0.483,0.115,0.621,0.034,학;연
P0258,33,0.939,0.182,0.0,0.0,학
P0123,72,0.583,0.958,0.639,0.0,학;병;연
P0767,50,1.0,0.0,0.02,0.04,학
P0141,40,0.95,0.0,0.075,0.025,학
P0818,34,1.0,0.0,0.265,0.0,학;연
P0058,49,1.0,0.306,0.02,0.0,학;병
P0309,67,0.985,0.03,0.015,0.0,학
P0710,16,1.0,0.0,0.062,0.0,학
P0307,33,1.0,0.0,0.0,0.0,학
P0471,32,1.0,0.062,0.031,0.031,학
P0048,4,0.75,0.25,0.0,0.0,학
P0129,29,1.0,0.0,0.0,0.0,학
P0515,32,1.0,0.406,0.0,0.0,학;병
P0640,19,0.211,0.842,0.0,0.0,학;병
P0318,7,1.0,0.286,0.0,0.0,학;병
P0191,1,1.0,0.0,0.0,0.0,
P0680,44,0.977,0.045,0.023,0.0,학
P0054,8,1.0,0.125,0.125,0.0,학
P0761,42,0.929,0.071,0.19,0.0,학
P0660,1,1.0,0.0,0.0,0.0,
P0769,34,0.912,0.088,0.029,0.0,학
P0517,18,0.5,0.167,0.444,0.056,학;연
P0227,70,0.971,0.0,0.086,0.0,학
P0483,38,1.0,0.053,0.026,0.026,학
P0041,40,0.975,0.0,0.325,0.0,학;연
P0748,53,0.943,0.038,0.34,0.0,학;연
P0165,35,0.829,0.0,0.657,0.0,학;연
P0164,31,1.0,0.032,0.0,0.032,학
P0121,17,0.824,0.0,0.353,0.0,학;연
P0521,49,0.959,0.0,0.061,0.0,학
P0452,27,0.889,0.593,0.037,0.0,학;병
P0323,13,1.0,0.385,0.0,0.0,학;병
P0613,4,0.25,0.75,0.0,0.0,병
P0523,14,0.929,0.286,0.0,0.0,학;병
P0432,22,0.864,1.0,0.0,0.0,학;병
P0650,17,0.824,0.0,0.176,0.0,학
P0168,5,1.0,0.2,0.0,0.0,학
P0138,27,1.0,0.0,0.0,0.0,학
P0634,14,0.857,0.286,0.0,0.0,학;병
P0305,2,1.0,0.0,0.0,0.0,학
P0124,1,1.0,0.0,0.0,0.0,
P0256,35,0.971,0.171,0.0,0.0,학
P0267,83,0.964,0.072,0.446,0.024,학;연
P0743,11,0.909,0.091,0.909,0.0,학;연
P0196,35,1.0,0.0,0.0,0.0,학
P0513,6,1.0,1.0,0.0,0.0,학;병
P0338,34,0.735,0.382,0.0,0.0,학;병
P0143,27,0.407,0.074,0.519,0.0,학;연
P0698,2,1.0,0.0,0.0,0.0,학
P0662,24,1.0,0.0,0.125,0.0,학
P0263,20,1.0,0.1,0.0,0.0,학
P0108,252,0.798,0.083,0.437,0.063,학;연
P0592,16,0.625,0.438,0.0,0.0,학;병
P0395,2,1.0,0.5,0.0,0.0,학
P0773,37,0.595,0.595,0.054,0.0,학;병
P0664,38,0.711,0.0,0.263,0.026,학;연
P0401,26,0.846,0.5,0.115,0.038,학;병
P0190,2,0.5,0.0,0.5,0.5,
P0298,12,1.0,0.0,0.0,0.0,학
P0758,15,0.867,0.0,0.467,0.0,학;연
P0798,23,0.957,0.087,0.0,0.043,학
P0534,40,0.975,0.9,0.0,0.0,학;병
P0130,5,1.0,1.0,0.0,0.0,학;병
P0112,65,0.062,0.0,0.985,0.015,연
P0265,60,0.717,0.3,0.1,0.117,학;병
P0750,69,1.0,0.0,0.13,0.0,학
P0133,103,1.0,0.0,0.029,0.01,학
P0088,11,0.545,0.364,0.091,0.0,학;병
P0538,27,1.0,0.037,0.111,0.0,학
P0780,28,1.0,0.0,0.0,0.0,학
P0790,58,0.19,0.845,0.103,0.069,병
P0404,17,0.941,0.176,0.059,0.0,학
P0658,9,0.778,0.0,0.222,0.0,학;연
P0764,1,1.0,0.0,0.0,0.0,
P0371,19,0.947,0.316,0.0,0.0,학;병
P0566,1,1.0,0.0,0.0,0.0,
P0604,85,0.353,0.847,0.0,0.0,학;병
P0433,33,0.758,0.394,0.515,0.0,학;병;연
P0161,28,1.0,0.036,0.036,0.0,학
P0417,14,0.714,0.714,0.0,0.0,학;병
P0145,14,0.929,0.214,0.0,0.0,학;병
P0295,37,0.892,0.0,0.243,0.0,학;연
P0506,35,1.0,0.0,0.0,0.0,학
P0801,13,0.846,0.0,0.231,0.0,학;연
P0522,22,0.318,1.0,0.0,0.0,학;병
P0812,1,0.0,1.0,0.0,0.0,
P0203,7,0.143,0.857,0.0,0.0,병
P0541,5,1.0,0.0,0.0,0.0,학
P0156,32,0.781,0.0,0.531,0.031,학;연
P0480,12,0.917,0.083,0.083,0.0,학
P0647,15,0.933,0.667,0.067,0.2,학;병;산
P0116,1,0.0,1.0,0.0,0.0,
P0814,6,1.0,0.0,0.0,0.0,학
P0110,3,1.0,0.0,0.0,0.0,학
P0193,2,1.0,0.0,0.0,0.0,학
P0362,1,0.0,1.0,0.0,0.0,
P0080,1,1.0,1.0,0.0,0.0,
P0459,1,1.0,0.0,1.0,0.0,
P0583,1,1.0,0.0,0.0,0.0,
P0170,4,1.0,0.0,0.0,0.0,학
P0261,1,1.0,0.0,0.0,0.0,
P0160,1,1.0,0.0,0.0,0.0,
P0120,1,1.0,0.0,0.0,0.0,
P0490,3,1.0,0.0,0.0,0.0,학
P0320,2,1.0,0.0,0.0,0.0,학
P0460,1,1.0,0.0,1.0,0.0,
P0308,2,1.0,0.0,0.0,0.0,학
P0271,2,0.5,0.5,0.0,0.0,
P0047,3,1.0,0.0,0.333,0.0,학
P0756,1,1.0,0.0,0.0,0.0,
P0264,1,1.0,0.0,0.0,1.0,
P0293,3,1.0,0.0,0.0,0.0,학
P0300,1,1.0,0.0,0.0,0.0,
P0507,1,0.0,1.0,0.0,0.0,
P0545,1,1.0,0.0,0.0,0.0,
P0472,1,1.0,0.0,0.0,0.0,
P0747,1,1.0,0.0,0.0,0.0,
